INFO:     Will watch for changes in these directories: ['/Users/juli/Desktop/Studies/Master/Year 2/Semester 2/Master Thesis/code/mcp_server']
INFO:     Uvicorn running on http://0.0.0.0:8000 (Press CTRL+C to quit)
INFO:     Started reloader process [26227] using WatchFiles
🚀 Starting MCP Database Server...
📍 Server will be available at: http://localhost:8000
📚 API Documentation: http://localhost:8000/docs
❤️  Health Check: http://localhost:8000/health
🔧 MCP Endpoint: http://localhost:8000/mcp

Press Ctrl+C to stop the server
INFO:     Started server process [26229]
INFO:     Waiting for application startup.
INFO:db:Database connection pool initialized
INFO:server:MCP Database Server started
INFO:     Application startup complete.
2025-08-04 13:27:00,594 - watchfiles.main - INFO - 2 changes detected
2025-08-04 13:27:04,460 - watchfiles.main - INFO - 1 change detected
2025-08-04 13:27:05,575 - watchfiles.main - INFO - 1 change detected
2025-08-04 13:27:08,996 - watchfiles.main - INFO - 1 change detected
INFO:     127.0.0.1:53527 - "GET /health HTTP/1.1" 200 OK
2025-08-04 13:27:16,968 - watchfiles.main - INFO - 1 change detected
2025-08-04 13:27:17,329 - watchfiles.main - INFO - 1 change detected
2025-08-04 13:27:19,554 - watchfiles.main - INFO - 1 change detected
2025-08-04 13:27:23,349 - watchfiles.main - INFO - 1 change detected
2025-08-04 13:27:23,712 - watchfiles.main - INFO - 1 change detected
2025-08-04 13:27:26,276 - watchfiles.main - INFO - 1 change detected
2025-08-04 13:27:31,905 - watchfiles.main - INFO - 1 change detected
2025-08-04 13:27:34,853 - watchfiles.main - INFO - 1 change detected
2025-08-04 13:27:35,215 - watchfiles.main - INFO - 1 change detected
2025-08-04 13:27:36,857 - watchfiles.main - INFO - 1 change detected
2025-08-04 13:27:40,504 - watchfiles.main - INFO - 1 change detected
2025-08-04 13:27:40,864 - watchfiles.main - INFO - 1 change detected
2025-08-04 13:27:44,743 - watchfiles.main - INFO - 1 change detected
2025-08-04 13:27:48,424 - watchfiles.main - INFO - 1 change detected
2025-08-04 13:27:52,008 - watchfiles.main - INFO - 1 change detected
2025-08-04 13:27:54,041 - watchfiles.main - INFO - 2 changes detected
2025-08-04 13:27:57,744 - watchfiles.main - INFO - 1 change detected
2025-08-04 13:27:59,126 - watchfiles.main - INFO - 1 change detected
2025-08-04 13:27:59,489 - watchfiles.main - INFO - 1 change detected
2025-08-04 13:28:03,091 - watchfiles.main - INFO - 1 change detected
2025-08-04 13:28:07,448 - watchfiles.main - INFO - 1 change detected
2025-08-04 13:28:16,874 - watchfiles.main - INFO - 1 change detected
2025-08-04 13:28:18,897 - watchfiles.main - INFO - 2 changes detected
2025-08-04 13:28:19,259 - watchfiles.main - INFO - 1 change detected
2025-08-04 13:28:22,049 - watchfiles.main - INFO - 1 change detected
INFO:     127.0.0.1:53534 - "GET /health HTTP/1.1" 200 OK
INFO:     127.0.0.1:53536 - "GET /health HTTP/1.1" 200 OK
2025-08-04 13:28:27,750 - watchfiles.main - INFO - 1 change detected
2025-08-04 13:28:29,606 - watchfiles.main - INFO - 1 change detected
2025-08-04 13:28:29,970 - watchfiles.main - INFO - 1 change detected
2025-08-04 13:28:32,896 - watchfiles.main - INFO - 1 change detected
2025-08-04 13:28:35,179 - watchfiles.main - INFO - 1 change detected
2025-08-04 13:28:38,934 - watchfiles.main - INFO - 1 change detected
2025-08-04 13:28:42,845 - watchfiles.main - INFO - 1 change detected
2025-08-04 13:28:45,400 - watchfiles.main - INFO - 1 change detected
2025-08-04 13:28:45,763 - watchfiles.main - INFO - 1 change detected
2025-08-04 13:28:48,556 - watchfiles.main - INFO - 1 change detected
2025-08-04 13:28:50,861 - watchfiles.main - INFO - 1 change detected
2025-08-04 13:28:53,809 - watchfiles.main - INFO - 1 change detected
2025-08-04 13:28:59,447 - watchfiles.main - INFO - 1 change detected
2025-08-04 13:29:01,647 - watchfiles.main - INFO - 1 change detected
2025-08-04 13:29:02,492 - watchfiles.main - INFO - 1 change detected
2025-08-04 13:29:04,980 - watchfiles.main - INFO - 1 change detected
2025-08-04 13:29:10,650 - watchfiles.main - INFO - 1 change detected
2025-08-04 13:29:18,381 - watchfiles.main - INFO - 1 change detected
2025-08-04 13:29:21,476 - watchfiles.main - INFO - 2 changes detected
2025-08-04 13:29:22,254 - watchfiles.main - INFO - 1 change detected
2025-08-04 13:29:25,074 - watchfiles.main - INFO - 1 change detected
2025-08-04 13:29:30,686 - watchfiles.main - INFO - 1 change detected
2025-08-04 13:29:32,122 - watchfiles.main - INFO - 1 change detected
2025-08-04 13:29:35,532 - watchfiles.main - INFO - 1 change detected
2025-08-04 13:29:41,923 - watchfiles.main - INFO - 1 change detected
2025-08-04 13:29:42,289 - watchfiles.main - INFO - 1 change detected
2025-08-04 13:29:45,116 - watchfiles.main - INFO - 1 change detected
2025-08-04 13:29:47,667 - watchfiles.main - INFO - 1 change detected
2025-08-04 13:29:50,809 - watchfiles.main - INFO - 1 change detected
2025-08-04 13:29:56,140 - watchfiles.main - INFO - 1 change detected
2025-08-04 13:29:57,782 - watchfiles.main - INFO - 1 change detected
2025-08-04 13:30:01,085 - watchfiles.main - INFO - 1 change detected
2025-08-04 13:30:07,603 - watchfiles.main - INFO - 1 change detected
2025-08-04 13:30:10,968 - watchfiles.main - INFO - 1 change detected
2025-08-04 13:30:29,618 - watchfiles.main - INFO - 1 change detected
2025-08-04 13:30:32,574 - watchfiles.main - INFO - 2 changes detected
2025-08-04 13:30:33,042 - watchfiles.main - INFO - 1 change detected
2025-08-04 13:30:35,551 - watchfiles.main - INFO - 1 change detected
2025-08-04 13:30:41,504 - watchfiles.main - INFO - 1 change detected
2025-08-04 13:30:44,399 - watchfiles.main - INFO - 1 change detected
2025-08-04 13:30:46,643 - watchfiles.main - INFO - 2 changes detected
2025-08-04 13:30:49,595 - watchfiles.main - INFO - 1 change detected
2025-08-04 13:30:52,214 - watchfiles.main - INFO - 1 change detected
2025-08-04 13:30:55,272 - watchfiles.main - INFO - 1 change detected
2025-08-04 13:31:03,380 - watchfiles.main - INFO - 1 change detected
2025-08-04 13:31:03,900 - watchfiles.main - INFO - 1 change detected
2025-08-04 13:31:06,526 - watchfiles.main - INFO - 1 change detected
2025-08-04 13:31:12,639 - watchfiles.main - INFO - 1 change detected
2025-08-04 13:31:29,835 - watchfiles.main - INFO - 1 change detected
2025-08-04 13:31:32,405 - watchfiles.main - INFO - 2 changes detected
2025-08-04 13:31:32,767 - watchfiles.main - INFO - 1 change detected
2025-08-04 13:31:35,543 - watchfiles.main - INFO - 1 change detected
2025-08-04 13:31:40,866 - watchfiles.main - INFO - 1 change detected
2025-08-04 13:31:43,445 - watchfiles.main - INFO - 1 change detected
2025-08-04 13:31:46,206 - watchfiles.main - INFO - 2 changes detected
2025-08-04 13:31:46,624 - watchfiles.main - INFO - 1 change detected
2025-08-04 13:31:49,383 - watchfiles.main - INFO - 1 change detected
2025-08-04 13:31:55,057 - watchfiles.main - INFO - 1 change detected
2025-08-04 13:31:57,270 - watchfiles.main - INFO - 1 change detected
2025-08-04 13:32:00,480 - watchfiles.main - INFO - 1 change detected
2025-08-04 13:32:06,546 - watchfiles.main - INFO - 1 change detected
2025-08-04 13:32:06,902 - watchfiles.main - INFO - 1 change detected
2025-08-04 13:32:09,459 - watchfiles.main - INFO - 1 change detected
2025-08-04 13:32:14,594 - watchfiles.main - INFO - 1 change detected
2025-08-04 13:32:20,249 - watchfiles.main - INFO - 1 change detected
2025-08-04 13:32:22,928 - watchfiles.main - INFO - 1 change detected
2025-08-04 13:32:25,965 - watchfiles.main - INFO - 2 changes detected
2025-08-04 13:32:26,385 - watchfiles.main - INFO - 1 change detected
2025-08-04 13:32:28,897 - watchfiles.main - INFO - 1 change detected
2025-08-04 13:32:34,953 - watchfiles.main - INFO - 1 change detected
2025-08-04 13:32:37,294 - watchfiles.main - INFO - 1 change detected
2025-08-04 13:32:40,336 - watchfiles.main - INFO - 1 change detected
2025-08-04 13:32:48,504 - watchfiles.main - INFO - 1 change detected
2025-08-04 13:32:48,870 - watchfiles.main - INFO - 1 change detected
2025-08-04 13:32:52,266 - watchfiles.main - INFO - 1 change detected
2025-08-04 13:32:53,560 - watchfiles.main - INFO - 1 change detected
2025-08-04 13:32:53,932 - watchfiles.main - INFO - 1 change detected
2025-08-04 13:32:56,763 - watchfiles.main - INFO - 1 change detected
2025-08-04 13:33:03,389 - watchfiles.main - INFO - 1 change detected
2025-08-04 13:33:03,752 - watchfiles.main - INFO - 1 change detected
2025-08-04 13:33:07,134 - watchfiles.main - INFO - 1 change detected
2025-08-04 13:33:15,010 - watchfiles.main - INFO - 1 change detected
2025-08-04 13:33:15,374 - watchfiles.main - INFO - 1 change detected
2025-08-04 13:33:18,289 - watchfiles.main - INFO - 1 change detected
2025-08-04 13:33:20,260 - watchfiles.main - INFO - 1 change detected
2025-08-04 13:33:23,235 - watchfiles.main - INFO - 1 change detected
2025-08-04 13:33:29,323 - watchfiles.main - INFO - 1 change detected
2025-08-04 13:33:30,607 - watchfiles.main - INFO - 1 change detected
2025-08-04 13:33:33,979 - watchfiles.main - INFO - 1 change detected
2025-08-04 13:33:43,339 - watchfiles.main - INFO - 1 change detected
2025-08-04 13:33:43,701 - watchfiles.main - INFO - 1 change detected
2025-08-04 13:33:47,647 - watchfiles.main - INFO - 1 change detected
2025-08-04 13:33:49,777 - watchfiles.main - INFO - 1 change detected
2025-08-04 13:33:51,907 - watchfiles.main - INFO - 1 change detected
2025-08-04 13:33:58,389 - watchfiles.main - INFO - 1 change detected
2025-08-04 13:34:01,157 - watchfiles.main - INFO - 1 change detected
2025-08-04 13:34:01,519 - watchfiles.main - INFO - 1 change detected
2025-08-04 13:34:04,287 - watchfiles.main - INFO - 1 change detected
2025-08-04 13:34:06,928 - watchfiles.main - INFO - 1 change detected
2025-08-04 13:34:09,943 - watchfiles.main - INFO - 1 change detected
2025-08-04 13:34:15,981 - watchfiles.main - INFO - 1 change detected
2025-08-04 13:34:17,631 - watchfiles.main - INFO - 1 change detected
2025-08-04 13:34:17,990 - watchfiles.main - INFO - 1 change detected
2025-08-04 13:34:20,585 - watchfiles.main - INFO - 1 change detected
2025-08-04 13:34:22,867 - watchfiles.main - INFO - 1 change detected
2025-08-04 13:34:23,227 - watchfiles.main - INFO - 1 change detected
2025-08-04 13:34:25,802 - watchfiles.main - INFO - 1 change detected
2025-08-04 13:34:31,419 - watchfiles.main - INFO - 1 change detected
2025-08-04 13:34:33,655 - watchfiles.main - INFO - 1 change detected
2025-08-04 13:34:36,752 - watchfiles.main - INFO - 1 change detected
2025-08-04 13:34:43,680 - watchfiles.main - INFO - 1 change detected
2025-08-04 13:34:44,045 - watchfiles.main - INFO - 1 change detected
2025-08-04 13:34:46,895 - watchfiles.main - INFO - 1 change detected
2025-08-04 13:34:48,689 - watchfiles.main - INFO - 1 change detected
2025-08-04 13:34:52,338 - watchfiles.main - INFO - 1 change detected
2025-08-04 13:34:57,422 - watchfiles.main - INFO - 1 change detected
2025-08-04 13:34:59,369 - watchfiles.main - INFO - 1 change detected
2025-08-04 13:35:02,450 - watchfiles.main - INFO - 1 change detected
2025-08-04 13:35:09,636 - watchfiles.main - INFO - 1 change detected
2025-08-04 13:35:12,812 - watchfiles.main - INFO - 1 change detected
2025-08-04 13:35:28,567 - watchfiles.main - INFO - 1 change detected
2025-08-04 13:35:31,702 - watchfiles.main - INFO - 2 changes detected
2025-08-04 13:35:34,836 - watchfiles.main - INFO - 1 change detected
2025-08-04 13:35:37,231 - watchfiles.main - INFO - 1 change detected
2025-08-04 13:35:40,422 - watchfiles.main - INFO - 1 change detected
2025-08-04 13:35:48,079 - watchfiles.main - INFO - 1 change detected
2025-08-04 13:35:51,377 - watchfiles.main - INFO - 2 changes detected
2025-08-04 13:35:56,410 - watchfiles.main - INFO - 1 change detected
2025-08-04 13:35:56,882 - watchfiles.main - INFO - 1 change detected
2025-08-04 13:35:59,919 - watchfiles.main - INFO - 1 change detected
2025-08-04 13:36:07,140 - watchfiles.main - INFO - 1 change detected
2025-08-04 13:36:10,825 - watchfiles.main - INFO - 1 change detected
2025-08-04 13:36:27,160 - watchfiles.main - INFO - 1 change detected
2025-08-04 13:36:27,521 - watchfiles.main - INFO - 1 change detected
2025-08-04 13:36:27,878 - watchfiles.main - INFO - 1 change detected
2025-08-04 13:36:30,281 - watchfiles.main - INFO - 1 change detected
2025-08-04 13:36:32,254 - watchfiles.main - INFO - 1 change detected
2025-08-04 13:36:35,138 - watchfiles.main - INFO - 1 change detected
2025-08-04 13:36:40,328 - watchfiles.main - INFO - 1 change detected
2025-08-04 13:36:42,162 - watchfiles.main - INFO - 1 change detected
2025-08-04 13:36:42,520 - watchfiles.main - INFO - 1 change detected
2025-08-04 13:36:45,479 - watchfiles.main - INFO - 1 change detected
2025-08-04 13:36:47,708 - watchfiles.main - INFO - 1 change detected
2025-08-04 13:36:48,065 - watchfiles.main - INFO - 1 change detected
2025-08-04 13:36:51,026 - watchfiles.main - INFO - 1 change detected
2025-08-04 13:36:56,044 - watchfiles.main - INFO - 1 change detected
2025-08-04 13:36:58,319 - watchfiles.main - INFO - 1 change detected
2025-08-04 13:36:58,673 - watchfiles.main - INFO - 1 change detected
2025-08-04 13:37:01,578 - watchfiles.main - INFO - 1 change detected
2025-08-04 13:37:03,573 - watchfiles.main - INFO - 1 change detected
2025-08-04 13:37:07,421 - watchfiles.main - INFO - 1 change detected
2025-08-04 13:37:12,536 - watchfiles.main - INFO - 1 change detected
2025-08-04 13:37:14,015 - watchfiles.main - INFO - 1 change detected
2025-08-04 13:37:14,376 - watchfiles.main - INFO - 1 change detected
2025-08-04 13:37:17,366 - watchfiles.main - INFO - 1 change detected
2025-08-04 13:37:19,861 - watchfiles.main - INFO - 1 change detected
2025-08-04 13:37:20,221 - watchfiles.main - INFO - 1 change detected
2025-08-04 13:37:22,222 - watchfiles.main - INFO - 1 change detected
2025-08-04 13:37:28,133 - watchfiles.main - INFO - 1 change detected
2025-08-04 13:37:29,825 - watchfiles.main - INFO - 1 change detected
2025-08-04 13:37:33,065 - watchfiles.main - INFO - 1 change detected
2025-08-04 13:37:39,837 - watchfiles.main - INFO - 1 change detected
2025-08-04 13:37:43,194 - watchfiles.main - INFO - 1 change detected
2025-08-04 13:37:58,355 - watchfiles.main - INFO - 1 change detected
2025-08-04 13:37:58,773 - watchfiles.main - INFO - 1 change detected
2025-08-04 13:37:59,135 - watchfiles.main - INFO - 1 change detected
2025-08-04 13:38:01,689 - watchfiles.main - INFO - 1 change detected
2025-08-04 13:38:04,203 - watchfiles.main - INFO - 1 change detected
2025-08-04 13:38:07,432 - watchfiles.main - INFO - 1 change detected
2025-08-04 13:38:13,074 - watchfiles.main - INFO - 1 change detected
2025-08-04 13:38:14,937 - watchfiles.main - INFO - 1 change detected
2025-08-04 13:38:15,303 - watchfiles.main - INFO - 1 change detected
2025-08-04 13:38:18,184 - watchfiles.main - INFO - 1 change detected
2025-08-04 13:38:20,092 - watchfiles.main - INFO - 1 change detected
2025-08-04 13:38:23,388 - watchfiles.main - INFO - 1 change detected
2025-08-04 13:38:29,021 - watchfiles.main - INFO - 1 change detected
2025-08-04 13:38:31,141 - watchfiles.main - INFO - 1 change detected
2025-08-04 13:38:34,488 - watchfiles.main - INFO - 1 change detected
2025-08-04 13:38:40,932 - watchfiles.main - INFO - 1 change detected
2025-08-04 13:38:44,348 - watchfiles.main - INFO - 1 change detected
2025-08-04 13:39:00,703 - watchfiles.main - INFO - 1 change detected
2025-08-04 13:39:01,062 - watchfiles.main - INFO - 1 change detected
2025-08-04 13:39:01,420 - watchfiles.main - INFO - 1 change detected
2025-08-04 13:39:03,970 - watchfiles.main - INFO - 1 change detected
2025-08-04 13:39:06,294 - watchfiles.main - INFO - 1 change detected
2025-08-04 13:39:08,872 - watchfiles.main - INFO - 1 change detected
2025-08-04 13:39:14,528 - watchfiles.main - INFO - 1 change detected
2025-08-04 13:39:15,890 - watchfiles.main - INFO - 1 change detected
2025-08-04 13:39:16,253 - watchfiles.main - INFO - 1 change detected
2025-08-04 13:39:19,099 - watchfiles.main - INFO - 1 change detected
2025-08-04 13:39:21,414 - watchfiles.main - INFO - 1 change detected
2025-08-04 13:39:25,487 - watchfiles.main - INFO - 1 change detected
2025-08-04 13:39:29,874 - watchfiles.main - INFO - 1 change detected
2025-08-04 13:39:31,428 - watchfiles.main - INFO - 1 change detected
2025-08-04 13:39:34,568 - watchfiles.main - INFO - 1 change detected
2025-08-04 13:39:41,767 - watchfiles.main - INFO - 1 change detected
2025-08-04 13:39:46,097 - watchfiles.main - INFO - 2 changes detected
2025-08-04 13:39:46,828 - watchfiles.main - INFO - 1 change detected
2025-08-04 13:39:47,186 - watchfiles.main - INFO - 1 change detected
2025-08-04 13:39:51,237 - watchfiles.main - INFO - 1 change detected
2025-08-04 13:39:55,170 - watchfiles.main - INFO - 1 change detected
2025-08-04 13:39:56,763 - watchfiles.main - INFO - 1 change detected
2025-08-04 13:39:57,122 - watchfiles.main - INFO - 1 change detected
2025-08-04 13:40:00,306 - watchfiles.main - INFO - 1 change detected
2025-08-04 13:40:05,525 - watchfiles.main - INFO - 1 change detected
2025-08-04 13:40:12,699 - watchfiles.main - INFO - 1 change detected
2025-08-04 13:40:13,062 - watchfiles.main - INFO - 1 change detected
2025-08-04 13:40:16,108 - watchfiles.main - INFO - 1 change detected
2025-08-04 13:40:17,713 - watchfiles.main - INFO - 1 change detected
2025-08-04 13:40:18,073 - watchfiles.main - INFO - 1 change detected
2025-08-04 13:40:20,785 - watchfiles.main - INFO - 1 change detected
2025-08-04 13:40:25,807 - watchfiles.main - INFO - 1 change detected
2025-08-04 13:40:27,982 - watchfiles.main - INFO - 1 change detected
2025-08-04 13:40:31,460 - watchfiles.main - INFO - 1 change detected
2025-08-04 13:40:37,892 - watchfiles.main - INFO - 1 change detected
2025-08-04 13:40:38,249 - watchfiles.main - INFO - 1 change detected
2025-08-04 13:40:41,258 - watchfiles.main - INFO - 1 change detected
2025-08-04 13:40:46,030 - watchfiles.main - INFO - 1 change detected
2025-08-04 13:40:52,043 - watchfiles.main - INFO - 1 change detected
2025-08-04 13:40:54,516 - watchfiles.main - INFO - 1 change detected
2025-08-04 13:40:54,878 - watchfiles.main - INFO - 1 change detected
2025-08-04 13:40:57,818 - watchfiles.main - INFO - 1 change detected
2025-08-04 13:41:00,186 - watchfiles.main - INFO - 1 change detected
2025-08-04 13:41:03,302 - watchfiles.main - INFO - 1 change detected
2025-08-04 13:41:08,491 - watchfiles.main - INFO - 1 change detected
2025-08-04 13:41:10,621 - watchfiles.main - INFO - 1 change detected
2025-08-04 13:41:13,903 - watchfiles.main - INFO - 1 change detected
2025-08-04 13:41:20,773 - watchfiles.main - INFO - 1 change detected
2025-08-04 13:41:21,139 - watchfiles.main - INFO - 1 change detected
2025-08-04 13:41:24,149 - watchfiles.main - INFO - 1 change detected
2025-08-04 13:41:26,170 - watchfiles.main - INFO - 1 change detected
2025-08-04 13:41:26,530 - watchfiles.main - INFO - 1 change detected
2025-08-04 13:41:29,166 - watchfiles.main - INFO - 1 change detected
2025-08-04 13:41:33,979 - watchfiles.main - INFO - 1 change detected
2025-08-04 13:41:37,077 - watchfiles.main - INFO - 1 change detected
2025-08-04 13:41:37,439 - watchfiles.main - INFO - 1 change detected
2025-08-04 13:41:40,343 - watchfiles.main - INFO - 1 change detected
2025-08-04 13:41:45,103 - watchfiles.main - INFO - 1 change detected
2025-08-04 13:41:50,759 - watchfiles.main - INFO - 1 change detected
2025-08-04 13:41:53,132 - watchfiles.main - INFO - 1 change detected
2025-08-04 13:41:53,494 - watchfiles.main - INFO - 1 change detected
2025-08-04 13:41:56,198 - watchfiles.main - INFO - 1 change detected
2025-08-04 13:41:58,095 - watchfiles.main - INFO - 1 change detected
2025-08-04 13:42:01,267 - watchfiles.main - INFO - 1 change detected
2025-08-04 13:42:06,885 - watchfiles.main - INFO - 1 change detected
2025-08-04 13:42:08,782 - watchfiles.main - INFO - 1 change detected
2025-08-04 13:42:12,187 - watchfiles.main - INFO - 1 change detected
2025-08-04 13:42:19,008 - watchfiles.main - INFO - 1 change detected
2025-08-04 13:42:22,396 - watchfiles.main - INFO - 2 changes detected
2025-08-04 13:42:22,806 - watchfiles.main - INFO - 1 change detected
2025-08-04 13:42:25,501 - watchfiles.main - INFO - 1 change detected
2025-08-04 13:42:31,152 - watchfiles.main - INFO - 1 change detected
2025-08-04 13:42:33,273 - watchfiles.main - INFO - 1 change detected
2025-08-04 13:42:36,632 - watchfiles.main - INFO - 1 change detected
2025-08-04 13:42:42,828 - watchfiles.main - INFO - 1 change detected
2025-08-04 13:42:46,309 - watchfiles.main - INFO - 2 changes detected
2025-08-04 13:42:46,672 - watchfiles.main - INFO - 1 change detected
2025-08-04 13:42:49,716 - watchfiles.main - INFO - 1 change detected
2025-08-04 13:42:55,571 - watchfiles.main - INFO - 1 change detected
2025-08-04 13:42:56,673 - watchfiles.main - INFO - 1 change detected
2025-08-04 13:42:57,031 - watchfiles.main - INFO - 1 change detected
2025-08-04 13:43:00,164 - watchfiles.main - INFO - 1 change detected
2025-08-04 13:43:02,122 - watchfiles.main - INFO - 1 change detected
2025-08-04 13:43:05,616 - watchfiles.main - INFO - 1 change detected
2025-08-04 13:43:10,650 - watchfiles.main - INFO - 1 change detected
2025-08-04 13:43:12,601 - watchfiles.main - INFO - 1 change detected
2025-08-04 13:43:16,186 - watchfiles.main - INFO - 2 changes detected
2025-08-04 13:43:16,545 - watchfiles.main - INFO - 1 change detected
2025-08-04 13:43:19,521 - watchfiles.main - INFO - 1 change detected
2025-08-04 13:43:24,666 - watchfiles.main - INFO - 1 change detected
2025-08-04 13:43:27,013 - watchfiles.main - INFO - 1 change detected
2025-08-04 13:43:30,347 - watchfiles.main - INFO - 1 change detected
2025-08-04 13:43:37,336 - watchfiles.main - INFO - 1 change detected
2025-08-04 13:43:40,844 - watchfiles.main - INFO - 1 change detected
2025-08-04 13:43:57,698 - watchfiles.main - INFO - 1 change detected
2025-08-04 13:43:58,070 - watchfiles.main - INFO - 1 change detected
2025-08-04 13:43:58,430 - watchfiles.main - INFO - 1 change detected
2025-08-04 13:44:00,979 - watchfiles.main - INFO - 1 change detected
2025-08-04 13:44:03,212 - watchfiles.main - INFO - 1 change detected
2025-08-04 13:44:06,243 - watchfiles.main - INFO - 1 change detected
2025-08-04 13:44:11,903 - watchfiles.main - INFO - 1 change detected
2025-08-04 13:44:13,612 - watchfiles.main - INFO - 1 change detected
2025-08-04 13:44:16,950 - watchfiles.main - INFO - 2 changes detected
2025-08-04 13:44:17,318 - watchfiles.main - INFO - 1 change detected
2025-08-04 13:44:20,171 - watchfiles.main - INFO - 1 change detected
2025-08-04 13:44:27,693 - watchfiles.main - INFO - 1 change detected
2025-08-04 13:44:28,064 - watchfiles.main - INFO - 1 change detected
2025-08-04 13:44:31,249 - watchfiles.main - INFO - 1 change detected
2025-08-04 13:44:37,780 - watchfiles.main - INFO - 1 change detected
2025-08-04 13:44:41,049 - watchfiles.main - INFO - 1 change detected
2025-08-04 13:44:56,824 - watchfiles.main - INFO - 1 change detected
2025-08-04 13:44:57,185 - watchfiles.main - INFO - 1 change detected
2025-08-04 13:44:57,544 - watchfiles.main - INFO - 1 change detected
2025-08-04 13:45:00,100 - watchfiles.main - INFO - 1 change detected
2025-08-04 13:45:02,273 - watchfiles.main - INFO - 1 change detected
2025-08-04 13:45:02,636 - watchfiles.main - INFO - 1 change detected
2025-08-04 13:45:05,773 - watchfiles.main - INFO - 1 change detected
2025-08-04 13:45:11,465 - watchfiles.main - INFO - 1 change detected
2025-08-04 13:45:12,562 - watchfiles.main - INFO - 1 change detected
2025-08-04 13:45:12,922 - watchfiles.main - INFO - 1 change detected
2025-08-04 13:45:15,903 - watchfiles.main - INFO - 1 change detected
2025-08-04 13:45:18,027 - watchfiles.main - INFO - 1 change detected
2025-08-04 13:45:21,121 - watchfiles.main - INFO - 1 change detected
2025-08-04 13:45:26,744 - watchfiles.main - INFO - 1 change detected
2025-08-04 13:45:28,171 - watchfiles.main - INFO - 1 change detected
2025-08-04 13:45:28,531 - watchfiles.main - INFO - 1 change detected
2025-08-04 13:45:31,738 - watchfiles.main - INFO - 1 change detected
2025-08-04 13:45:34,018 - watchfiles.main - INFO - 1 change detected
2025-08-04 13:45:37,198 - watchfiles.main - INFO - 1 change detected
2025-08-04 13:45:42,029 - watchfiles.main - INFO - 1 change detected
2025-08-04 13:45:44,249 - watchfiles.main - INFO - 1 change detected
2025-08-04 13:45:47,767 - watchfiles.main - INFO - 2 changes detected
2025-08-04 13:45:48,506 - watchfiles.main - INFO - 1 change detected
2025-08-04 13:45:48,867 - watchfiles.main - INFO - 1 change detected
2025-08-04 13:45:51,921 - watchfiles.main - INFO - 1 change detected
2025-08-04 13:45:56,632 - watchfiles.main - INFO - 1 change detected
2025-08-04 13:45:59,055 - watchfiles.main - INFO - 1 change detected
2025-08-04 13:45:59,470 - watchfiles.main - INFO - 1 change detected
2025-08-04 13:46:02,697 - watchfiles.main - INFO - 1 change detected
2025-08-04 13:46:07,679 - watchfiles.main - INFO - 1 change detected
2025-08-04 13:46:14,186 - watchfiles.main - INFO - 1 change detected
2025-08-04 13:46:14,562 - watchfiles.main - INFO - 1 change detected
2025-08-04 13:46:17,656 - watchfiles.main - INFO - 1 change detected
2025-08-04 13:46:19,027 - watchfiles.main - INFO - 1 change detected
2025-08-04 13:46:19,390 - watchfiles.main - INFO - 1 change detected
2025-08-04 13:46:22,314 - watchfiles.main - INFO - 1 change detected
2025-08-04 13:46:28,180 - watchfiles.main - INFO - 1 change detected
2025-08-04 13:46:29,831 - watchfiles.main - INFO - 1 change detected
2025-08-04 13:46:33,453 - watchfiles.main - INFO - 1 change detected
2025-08-04 13:46:39,163 - watchfiles.main - INFO - 1 change detected
2025-08-04 13:46:39,636 - watchfiles.main - INFO - 1 change detected
2025-08-04 13:46:44,117 - watchfiles.main - INFO - 1 change detected
2025-08-04 13:47:01,602 - watchfiles.main - INFO - 1 change detected
2025-08-04 13:47:01,960 - watchfiles.main - INFO - 1 change detected
2025-08-04 13:47:05,145 - watchfiles.main - INFO - 1 change detected
2025-08-04 13:47:07,423 - watchfiles.main - INFO - 1 change detected
2025-08-04 13:47:10,688 - watchfiles.main - INFO - 1 change detected
2025-08-04 13:47:16,331 - watchfiles.main - INFO - 1 change detected
2025-08-04 13:47:18,379 - watchfiles.main - INFO - 1 change detected
2025-08-04 13:47:21,088 - watchfiles.main - INFO - 2 changes detected
2025-08-04 13:47:21,873 - watchfiles.main - INFO - 1 change detected
2025-08-04 13:47:24,515 - watchfiles.main - INFO - 1 change detected
2025-08-04 13:47:30,668 - watchfiles.main - INFO - 1 change detected
2025-08-04 13:47:31,882 - watchfiles.main - INFO - 1 change detected
2025-08-04 13:47:32,240 - watchfiles.main - INFO - 1 change detected
2025-08-04 13:47:35,451 - watchfiles.main - INFO - 1 change detected
2025-08-04 13:47:40,786 - watchfiles.main - INFO - 1 change detected
2025-08-04 13:47:47,733 - watchfiles.main - INFO - 1 change detected
2025-08-04 13:47:51,613 - watchfiles.main - INFO - 1 change detected
2025-08-04 13:47:51,981 - watchfiles.main - INFO - 1 change detected
2025-08-04 13:47:55,820 - watchfiles.main - INFO - 1 change detected
2025-08-04 13:47:57,781 - watchfiles.main - INFO - 1 change detected
2025-08-04 13:48:01,260 - watchfiles.main - INFO - 1 change detected
2025-08-04 13:48:07,225 - watchfiles.main - INFO - 1 change detected
2025-08-04 13:48:07,694 - watchfiles.main - INFO - 1 change detected
2025-08-04 13:48:10,905 - watchfiles.main - INFO - 1 change detected
2025-08-04 13:48:15,966 - watchfiles.main - INFO - 1 change detected
2025-08-04 13:48:22,016 - watchfiles.main - INFO - 1 change detected
2025-08-04 13:48:24,042 - watchfiles.main - INFO - 1 change detected
2025-08-04 13:48:27,387 - watchfiles.main - INFO - 2 changes detected
2025-08-04 13:48:27,755 - watchfiles.main - INFO - 1 change detected
2025-08-04 13:48:30,493 - watchfiles.main - INFO - 1 change detected
2025-08-04 13:48:36,384 - watchfiles.main - INFO - 1 change detected
2025-08-04 13:48:38,480 - watchfiles.main - INFO - 1 change detected
2025-08-04 13:48:41,939 - watchfiles.main - INFO - 1 change detected
2025-08-04 13:48:49,767 - watchfiles.main - INFO - 1 change detected
2025-08-04 13:48:50,134 - watchfiles.main - INFO - 1 change detected
2025-08-04 13:48:53,219 - watchfiles.main - INFO - 1 change detected
2025-08-04 13:48:55,452 - watchfiles.main - INFO - 1 change detected
2025-08-04 13:48:58,718 - watchfiles.main - INFO - 1 change detected
2025-08-04 13:49:04,362 - watchfiles.main - INFO - 1 change detected
2025-08-04 13:49:05,729 - watchfiles.main - INFO - 1 change detected
2025-08-04 13:49:08,832 - watchfiles.main - INFO - 1 change detected
2025-08-04 13:49:17,265 - watchfiles.main - INFO - 1 change detected
2025-08-04 13:49:17,622 - watchfiles.main - INFO - 1 change detected
2025-08-04 13:49:20,411 - watchfiles.main - INFO - 1 change detected
2025-08-04 13:49:23,186 - watchfiles.main - INFO - 1 change detected
2025-08-04 13:49:26,567 - watchfiles.main - INFO - 1 change detected
2025-08-04 13:49:31,220 - watchfiles.main - INFO - 1 change detected
2025-08-04 13:49:33,444 - watchfiles.main - INFO - 1 change detected
2025-08-04 13:49:37,444 - watchfiles.main - INFO - 1 change detected
2025-08-04 13:49:44,778 - watchfiles.main - INFO - 1 change detected
2025-08-04 13:49:47,814 - watchfiles.main - INFO - 2 changes detected
2025-08-04 13:49:48,610 - watchfiles.main - INFO - 1 change detected
2025-08-04 13:49:51,179 - watchfiles.main - INFO - 1 change detected
2025-08-04 13:49:57,448 - watchfiles.main - INFO - 1 change detected
2025-08-04 13:49:58,885 - watchfiles.main - INFO - 1 change detected
2025-08-04 13:49:59,893 - watchfiles.main - INFO - 1 change detected
2025-08-04 13:50:00,253 - watchfiles.main - INFO - 1 change detected
2025-08-04 13:50:02,311 - watchfiles.main - INFO - 1 change detected
2025-08-04 13:50:08,894 - watchfiles.main - INFO - 1 change detected
2025-08-04 13:50:15,213 - watchfiles.main - INFO - 1 change detected
2025-08-04 13:50:15,574 - watchfiles.main - INFO - 1 change detected
2025-08-04 13:50:18,767 - watchfiles.main - INFO - 1 change detected
2025-08-04 13:50:21,037 - watchfiles.main - INFO - 1 change detected
2025-08-04 13:50:21,392 - watchfiles.main - INFO - 1 change detected
2025-08-04 13:50:24,180 - watchfiles.main - INFO - 1 change detected
2025-08-04 13:50:29,527 - watchfiles.main - INFO - 1 change detected
2025-08-04 13:50:31,578 - watchfiles.main - INFO - 1 change detected
2025-08-04 13:50:31,939 - watchfiles.main - INFO - 1 change detected
2025-08-04 13:50:34,884 - watchfiles.main - INFO - 1 change detected
2025-08-04 13:50:37,052 - watchfiles.main - INFO - 1 change detected
2025-08-04 13:50:39,861 - watchfiles.main - INFO - 1 change detected
2025-08-04 13:50:45,491 - watchfiles.main - INFO - 1 change detected
2025-08-04 13:50:47,809 - watchfiles.main - INFO - 1 change detected
2025-08-04 13:50:52,513 - watchfiles.main - INFO - 2 changes detected
2025-08-04 13:50:52,875 - watchfiles.main - INFO - 1 change detected
2025-08-04 13:50:56,311 - watchfiles.main - INFO - 1 change detected
2025-08-04 13:50:57,729 - watchfiles.main - INFO - 1 change detected
2025-08-04 13:50:58,090 - watchfiles.main - INFO - 1 change detected
2025-08-04 13:51:00,446 - watchfiles.main - INFO - 1 change detected
2025-08-04 13:51:07,782 - watchfiles.main - INFO - 1 change detected
2025-08-04 13:51:08,836 - watchfiles.main - INFO - 1 change detected
2025-08-04 13:51:13,326 - watchfiles.main - INFO - 1 change detected
2025-08-04 13:51:20,021 - watchfiles.main - INFO - 1 change detected
2025-08-04 13:51:23,838 - watchfiles.main - INFO - 2 changes detected
2025-08-04 13:51:24,566 - watchfiles.main - INFO - 1 change detected
2025-08-04 13:51:27,407 - watchfiles.main - INFO - 1 change detected
2025-08-04 13:51:33,170 - watchfiles.main - INFO - 1 change detected
2025-08-04 13:51:34,693 - watchfiles.main - INFO - 1 change detected
2025-08-04 13:51:39,911 - watchfiles.main - INFO - 1 change detected
INFO:     127.0.0.1:53651 - "POST /mcp HTTP/1.1" 200 OK
INFO:     127.0.0.1:53653 - "POST /mcp HTTP/1.1" 200 OK
2025-08-04 13:51:46,209 - watchfiles.main - INFO - 1 change detected
2025-08-04 13:51:46,572 - watchfiles.main - INFO - 1 change detected
2025-08-04 13:51:49,579 - watchfiles.main - INFO - 1 change detected
2025-08-04 13:51:52,941 - watchfiles.main - INFO - 1 change detected
2025-08-04 13:51:53,299 - watchfiles.main - INFO - 1 change detected
2025-08-04 13:51:55,791 - watchfiles.main - INFO - 1 change detected
INFO:     127.0.0.1:53658 - "GET /health HTTP/1.1" 200 OK
2025-08-04 13:52:02,042 - watchfiles.main - INFO - 1 change detected
2025-08-04 13:52:04,269 - watchfiles.main - INFO - 1 change detected
2025-08-04 13:52:09,892 - watchfiles.main - INFO - 1 change detected
2025-08-04 13:52:15,555 - watchfiles.main - INFO - 1 change detected
2025-08-04 13:52:15,918 - watchfiles.main - INFO - 1 change detected
2025-08-04 13:52:18,874 - watchfiles.main - INFO - 1 change detected
2025-08-04 13:52:21,027 - watchfiles.main - INFO - 1 change detected
2025-08-04 13:52:24,092 - watchfiles.main - INFO - 1 change detected
2025-08-04 13:52:29,221 - watchfiles.main - INFO - 1 change detected
2025-08-04 13:52:30,862 - watchfiles.main - INFO - 1 change detected
2025-08-04 13:52:34,702 - watchfiles.main - INFO - 1 change detected
2025-08-04 13:52:41,879 - watchfiles.main - INFO - 1 change detected
2025-08-04 13:52:42,243 - watchfiles.main - INFO - 1 change detected
2025-08-04 13:52:45,103 - watchfiles.main - INFO - 1 change detected
2025-08-04 13:52:47,099 - watchfiles.main - INFO - 1 change detected
2025-08-04 13:52:47,462 - watchfiles.main - INFO - 1 change detected
2025-08-04 13:52:50,488 - watchfiles.main - INFO - 1 change detected
2025-08-04 13:52:55,578 - watchfiles.main - INFO - 1 change detected
2025-08-04 13:52:57,112 - watchfiles.main - INFO - 1 change detected
2025-08-04 13:52:57,958 - watchfiles.main - INFO - 1 change detected
2025-08-04 13:53:00,686 - watchfiles.main - INFO - 1 change detected
2025-08-04 13:53:06,340 - watchfiles.main - INFO - 1 change detected
2025-08-04 13:53:12,109 - watchfiles.main - INFO - 1 change detected
2025-08-04 13:53:12,475 - watchfiles.main - INFO - 1 change detected
2025-08-04 13:53:15,291 - watchfiles.main - INFO - 1 change detected
2025-08-04 13:53:17,782 - watchfiles.main - INFO - 1 change detected
2025-08-04 13:53:21,277 - watchfiles.main - INFO - 1 change detected
2025-08-04 13:53:26,303 - watchfiles.main - INFO - 1 change detected
2025-08-04 13:53:27,821 - watchfiles.main - INFO - 1 change detected
2025-08-04 13:53:31,670 - watchfiles.main - INFO - 1 change detected
2025-08-04 13:53:38,053 - watchfiles.main - INFO - 1 change detected
2025-08-04 13:53:41,920 - watchfiles.main - INFO - 1 change detected
2025-08-04 13:53:59,933 - watchfiles.main - INFO - 1 change detected
2025-08-04 13:54:00,303 - watchfiles.main - INFO - 1 change detected
2025-08-04 13:54:04,641 - watchfiles.main - INFO - 1 change detected
2025-08-04 13:54:05,270 - watchfiles.main - INFO - 1 change detected
2025-08-04 13:54:09,049 - watchfiles.main - INFO - 1 change detected
2025-08-04 13:54:14,260 - watchfiles.main - INFO - 1 change detected
2025-08-04 13:54:16,228 - watchfiles.main - INFO - 1 change detected
2025-08-04 13:54:20,087 - watchfiles.main - INFO - 1 change detected
2025-08-04 13:54:20,454 - watchfiles.main - INFO - 1 change detected
2025-08-04 13:54:21,131 - watchfiles.main - INFO - 1 change detected
2025-08-04 13:54:24,085 - watchfiles.main - INFO - 1 change detected
INFO:     127.0.0.1:53673 - "POST /mcp HTTP/1.1" 200 OK
2025-08-04 13:54:30,211 - watchfiles.main - INFO - 1 change detected
2025-08-04 13:54:30,793 - watchfiles.main - INFO - 1 change detected
2025-08-04 13:54:31,155 - watchfiles.main - INFO - 1 change detected
2025-08-04 13:54:34,611 - watchfiles.main - INFO - 1 change detected
2025-08-04 13:54:36,676 - watchfiles.main - INFO - 1 change detected
2025-08-04 13:54:37,037 - watchfiles.main - INFO - 1 change detected
2025-08-04 13:54:39,856 - watchfiles.main - INFO - 1 change detected
2025-08-04 13:54:45,012 - watchfiles.main - INFO - 1 change detected
2025-08-04 13:54:47,008 - watchfiles.main - INFO - 1 change detected
2025-08-04 13:54:50,419 - watchfiles.main - INFO - 2 changes detected
2025-08-04 13:54:54,213 - watchfiles.main - INFO - 1 change detected
2025-08-04 13:54:56,667 - watchfiles.main - INFO - 1 change detected
2025-08-04 13:55:00,246 - watchfiles.main - INFO - 1 change detected
INFO:     127.0.0.1:53676 - "POST /mcp HTTP/1.1" 200 OK
2025-08-04 13:55:07,865 - watchfiles.main - INFO - 1 change detected
2025-08-04 13:55:08,226 - watchfiles.main - INFO - 1 change detected
2025-08-04 13:55:11,484 - watchfiles.main - INFO - 1 change detected
2025-08-04 13:55:16,014 - watchfiles.main - INFO - 1 change detected
2025-08-04 13:55:22,309 - watchfiles.main - INFO - 1 change detected
2025-08-04 13:55:24,593 - watchfiles.main - INFO - 1 change detected
2025-08-04 13:55:24,951 - watchfiles.main - INFO - 1 change detected
2025-08-04 13:55:26,758 - watchfiles.main - INFO - 1 change detected
2025-08-04 13:55:30,664 - watchfiles.main - INFO - 1 change detected
2025-08-04 13:55:31,345 - watchfiles.main - INFO - 1 change detected
2025-08-04 13:55:33,904 - watchfiles.main - INFO - 1 change detected
2025-08-04 13:55:40,772 - watchfiles.main - INFO - 1 change detected
2025-08-04 13:55:44,208 - watchfiles.main - INFO - 1 change detected
2025-08-04 13:55:47,307 - watchfiles.main - INFO - 2 changes detected
2025-08-04 13:55:47,719 - watchfiles.main - INFO - 1 change detected
2025-08-04 13:55:50,662 - watchfiles.main - INFO - 1 change detected
2025-08-04 13:55:57,375 - watchfiles.main - INFO - 1 change detected
2025-08-04 13:55:58,342 - watchfiles.main - INFO - 1 change detected
2025-08-04 13:56:02,016 - watchfiles.main - INFO - 1 change detected
2025-08-04 13:56:10,189 - watchfiles.main - INFO - 1 change detected
2025-08-04 13:56:10,827 - watchfiles.main - INFO - 1 change detected
2025-08-04 13:56:11,189 - watchfiles.main - INFO - 1 change detected
2025-08-04 13:56:13,528 - watchfiles.main - INFO - 1 change detected
INFO:     127.0.0.1:53688 - "POST /mcp HTTP/1.1" 200 OK
INFO:     127.0.0.1:53690 - "POST /mcp HTTP/1.1" 200 OK
2025-08-04 13:56:19,179 - watchfiles.main - INFO - 1 change detected
2025-08-04 13:56:37,233 - watchfiles.main - INFO - 1 change detected
2025-08-04 13:56:40,696 - watchfiles.main - INFO - 2 changes detected
2025-08-04 13:56:41,058 - watchfiles.main - INFO - 1 change detected
2025-08-04 13:56:44,152 - watchfiles.main - INFO - 1 change detected
2025-08-04 13:56:50,065 - watchfiles.main - INFO - 1 change detected
2025-08-04 13:56:51,755 - watchfiles.main - INFO - 1 change detected
2025-08-04 13:56:55,118 - watchfiles.main - INFO - 2 changes detected
2025-08-04 13:56:55,529 - watchfiles.main - INFO - 1 change detected
2025-08-04 13:56:58,363 - watchfiles.main - INFO - 1 change detected
2025-08-04 13:57:03,992 - watchfiles.main - INFO - 1 change detected
2025-08-04 13:57:05,692 - watchfiles.main - INFO - 1 change detected
2025-08-04 13:57:08,824 - watchfiles.main - INFO - 1 change detected
2025-08-04 13:57:15,654 - watchfiles.main - INFO - 1 change detected
2025-08-04 13:57:16,018 - watchfiles.main - INFO - 1 change detected
2025-08-04 13:57:18,843 - watchfiles.main - INFO - 1 change detected
2025-08-04 13:57:21,897 - watchfiles.main - INFO - 1 change detected
2025-08-04 13:57:22,255 - watchfiles.main - INFO - 1 change detected
2025-08-04 13:57:24,605 - watchfiles.main - INFO - 1 change detected
2025-08-04 13:57:30,504 - watchfiles.main - INFO - 1 change detected
2025-08-04 13:57:32,391 - watchfiles.main - INFO - 1 change detected
2025-08-04 13:57:36,755 - watchfiles.main - INFO - 1 change detected
2025-08-04 13:57:42,617 - watchfiles.main - INFO - 1 change detected
2025-08-04 13:57:42,980 - watchfiles.main - INFO - 1 change detected
2025-08-04 13:57:47,311 - watchfiles.main - INFO - 1 change detected
2025-08-04 13:57:48,800 - watchfiles.main - INFO - 1 change detected
2025-08-04 13:57:49,159 - watchfiles.main - INFO - 1 change detected
INFO:     127.0.0.1:53706 - "POST /mcp HTTP/1.1" 200 OK
ERROR:tools:Tool execution failed for get_schema: column kcu.referenced_table_name does not exist
INFO:     127.0.0.1:53708 - "POST /mcp HTTP/1.1" 200 OK
2025-08-04 13:57:53,752 - watchfiles.main - INFO - 1 change detected
2025-08-04 13:57:54,483 - watchfiles.main - INFO - 1 change detected
INFO:     127.0.0.1:53710 - "POST /mcp HTTP/1.1" 200 OK
ERROR:db:Query execution failed: syntax error at or near "["
INFO:     127.0.0.1:53712 - "POST /mcp HTTP/1.1" 200 OK
2025-08-04 13:57:58,068 - watchfiles.main - INFO - 1 change detected
2025-08-04 13:58:04,503 - watchfiles.main - INFO - 1 change detected
2025-08-04 13:58:08,144 - watchfiles.main - INFO - 1 change detected
2025-08-04 13:58:25,479 - watchfiles.main - INFO - 1 change detected
2025-08-04 13:58:28,889 - watchfiles.main - INFO - 2 changes detected
2025-08-04 13:58:29,625 - watchfiles.main - INFO - 1 change detected
2025-08-04 13:58:32,405 - watchfiles.main - INFO - 1 change detected
2025-08-04 13:58:38,794 - watchfiles.main - INFO - 1 change detected
2025-08-04 13:58:40,816 - watchfiles.main - INFO - 1 change detected
2025-08-04 13:58:41,170 - watchfiles.main - INFO - 1 change detected
2025-08-04 13:58:43,976 - watchfiles.main - INFO - 1 change detected
2025-08-04 13:58:51,929 - watchfiles.main - INFO - 1 change detected
2025-08-04 13:58:57,567 - watchfiles.main - INFO - 1 change detected
2025-08-04 13:59:00,996 - watchfiles.main - INFO - 2 changes detected
2025-08-04 13:59:01,363 - watchfiles.main - INFO - 1 change detected
2025-08-04 13:59:04,335 - watchfiles.main - INFO - 1 change detected
2025-08-04 13:59:10,051 - watchfiles.main - INFO - 1 change detected
2025-08-04 13:59:11,968 - watchfiles.main - INFO - 1 change detected
2025-08-04 13:59:15,789 - watchfiles.main - INFO - 2 changes detected
2025-08-04 13:59:16,148 - watchfiles.main - INFO - 1 change detected
2025-08-04 13:59:18,990 - watchfiles.main - INFO - 1 change detected
2025-08-04 13:59:25,090 - watchfiles.main - INFO - 1 change detected
2025-08-04 13:59:26,518 - watchfiles.main - INFO - 1 change detected
2025-08-04 13:59:26,991 - watchfiles.main - INFO - 1 change detected
2025-08-04 13:59:30,345 - watchfiles.main - INFO - 1 change detected
2025-08-04 13:59:35,435 - watchfiles.main - INFO - 1 change detected
2025-08-04 13:59:41,641 - watchfiles.main - INFO - 1 change detected
2025-08-04 13:59:42,002 - watchfiles.main - INFO - 1 change detected
2025-08-04 13:59:45,084 - watchfiles.main - INFO - 1 change detected
2025-08-04 13:59:46,932 - watchfiles.main - INFO - 1 change detected
2025-08-04 13:59:47,295 - watchfiles.main - INFO - 1 change detected
2025-08-04 13:59:51,252 - watchfiles.main - INFO - 1 change detected
2025-08-04 13:59:52,359 - watchfiles.main - INFO - 1 change detected
2025-08-04 13:59:55,607 - watchfiles.main - INFO - 1 change detected
2025-08-04 14:00:02,048 - watchfiles.main - INFO - 1 change detected
2025-08-04 14:00:05,647 - watchfiles.main - INFO - 1 change detected
2025-08-04 14:00:22,033 - watchfiles.main - INFO - 1 change detected
2025-08-04 14:00:22,398 - watchfiles.main - INFO - 1 change detected
2025-08-04 14:00:26,259 - watchfiles.main - INFO - 1 change detected
2025-08-04 14:00:27,846 - watchfiles.main - INFO - 1 change detected
2025-08-04 14:00:31,102 - watchfiles.main - INFO - 1 change detected
INFO:     127.0.0.1:53735 - "POST /mcp HTTP/1.1" 200 OK
ERROR:tools:Tool execution failed for get_schema: column kcu.referenced_table_name does not exist
INFO:     127.0.0.1:53737 - "POST /mcp HTTP/1.1" 200 OK
2025-08-04 14:00:36,747 - watchfiles.main - INFO - 1 change detected
INFO:     127.0.0.1:53739 - "POST /mcp HTTP/1.1" 200 OK
ERROR:db:Query execution failed: relation "products" does not exist
INFO:     127.0.0.1:53741 - "POST /mcp HTTP/1.1" 200 OK
2025-08-04 14:00:38,555 - watchfiles.main - INFO - 1 change detected
2025-08-04 14:00:42,187 - watchfiles.main - INFO - 1 change detected
2025-08-04 14:00:49,351 - watchfiles.main - INFO - 1 change detected
2025-08-04 14:00:49,717 - watchfiles.main - INFO - 1 change detected
2025-08-04 14:00:53,724 - watchfiles.main - INFO - 1 change detected
2025-08-04 14:00:54,944 - watchfiles.main - INFO - 1 change detected
2025-08-04 14:00:58,135 - watchfiles.main - INFO - 1 change detected
2025-08-04 14:01:03,773 - watchfiles.main - INFO - 1 change detected
2025-08-04 14:01:05,685 - watchfiles.main - INFO - 1 change detected
2025-08-04 14:01:08,991 - watchfiles.main - INFO - 1 change detected
2025-08-04 14:01:15,931 - watchfiles.main - INFO - 1 change detected
2025-08-04 14:01:19,406 - watchfiles.main - INFO - 2 changes detected
2025-08-04 14:01:19,769 - watchfiles.main - INFO - 1 change detected
2025-08-04 14:01:22,941 - watchfiles.main - INFO - 1 change detected
2025-08-04 14:01:28,253 - watchfiles.main - INFO - 1 change detected
2025-08-04 14:01:30,289 - watchfiles.main - INFO - 1 change detected
2025-08-04 14:01:34,132 - watchfiles.main - INFO - 1 change detected
INFO:     127.0.0.1:53750 - "POST /mcp HTTP/1.1" 200 OK
ERROR:tools:Tool execution failed for get_schema: column kcu.referenced_table_name does not exist
INFO:     127.0.0.1:53752 - "POST /mcp HTTP/1.1" 200 OK
2025-08-04 14:01:40,802 - watchfiles.main - INFO - 1 change detected
2025-08-04 14:01:41,169 - watchfiles.main - INFO - 1 change detected
2025-08-04 14:01:44,214 - watchfiles.main - INFO - 1 change detected
2025-08-04 14:01:49,364 - watchfiles.main - INFO - 1 change detected
2025-08-04 14:01:55,018 - watchfiles.main - INFO - 1 change detected
2025-08-04 14:01:56,301 - watchfiles.main - INFO - 1 change detected
2025-08-04 14:01:59,362 - watchfiles.main - INFO - 2 changes detected
2025-08-04 14:01:59,723 - watchfiles.main - INFO - 1 change detected
2025-08-04 14:02:02,660 - watchfiles.main - INFO - 1 change detected
2025-08-04 14:02:08,802 - watchfiles.main - INFO - 1 change detected
2025-08-04 14:02:10,183 - watchfiles.main - INFO - 1 change detected
2025-08-04 14:02:13,598 - watchfiles.main - INFO - 1 change detected
2025-08-04 14:02:21,122 - watchfiles.main - INFO - 1 change detected
2025-08-04 14:02:21,485 - watchfiles.main - INFO - 1 change detected
2025-08-04 14:02:23,971 - watchfiles.main - INFO - 1 change detected
2025-08-04 14:02:26,326 - watchfiles.main - INFO - 1 change detected
2025-08-04 14:02:29,473 - watchfiles.main - INFO - 1 change detected
2025-08-04 14:02:34,662 - watchfiles.main - INFO - 1 change detected
2025-08-04 14:02:36,390 - watchfiles.main - INFO - 1 change detected
2025-08-04 14:02:36,753 - watchfiles.main - INFO - 1 change detected
2025-08-04 14:02:39,746 - watchfiles.main - INFO - 1 change detected
INFO:     127.0.0.1:53762 - "POST /mcp HTTP/1.1" 200 OK
ERROR:tools:Tool execution failed for get_schema: column kcu.referenced_table_name does not exist
INFO:     127.0.0.1:53764 - "POST /mcp HTTP/1.1" 200 OK
INFO:     127.0.0.1:53766 - "POST /mcp HTTP/1.1" 200 OK
ERROR:db:Query execution failed: syntax error at or near "["
INFO:     127.0.0.1:53768 - "POST /mcp HTTP/1.1" 200 OK
2025-08-04 14:02:47,520 - watchfiles.main - INFO - 1 change detected
2025-08-04 14:02:51,295 - watchfiles.main - INFO - 1 change detected
2025-08-04 14:02:54,273 - watchfiles.main - INFO - 1 change detected
2025-08-04 14:02:54,636 - watchfiles.main - INFO - 1 change detected
2025-08-04 14:02:57,535 - watchfiles.main - INFO - 1 change detected
INFO:     127.0.0.1:53772 - "POST /mcp HTTP/1.1" 200 OK
ERROR:tools:Tool execution failed for get_schema: column kcu.referenced_table_name does not exist
INFO:     127.0.0.1:53774 - "POST /mcp HTTP/1.1" 200 OK
2025-08-04 14:02:59,838 - watchfiles.main - INFO - 1 change detected
2025-08-04 14:03:03,031 - watchfiles.main - INFO - 1 change detected
INFO:     127.0.0.1:53776 - "POST /mcp HTTP/1.1" 200 OK
ERROR:db:Query execution failed: relation "products" does not exist
INFO:     127.0.0.1:53778 - "POST /mcp HTTP/1.1" 200 OK
2025-08-04 14:03:08,269 - watchfiles.main - INFO - 1 change detected
2025-08-04 14:03:09,818 - watchfiles.main - INFO - 1 change detected
INFO:     127.0.0.1:53783 - "POST /mcp HTTP/1.1" 200 OK
ERROR:tools:Tool execution failed for get_schema: column kcu.referenced_table_name does not exist
INFO:     127.0.0.1:53785 - "POST /mcp HTTP/1.1" 200 OK
2025-08-04 14:03:10,184 - watchfiles.main - INFO - 1 change detected
2025-08-04 14:03:10,544 - watchfiles.main - INFO - 1 change detected
2025-08-04 14:03:13,441 - watchfiles.main - INFO - 1 change detected
2025-08-04 14:03:17,948 - watchfiles.main - INFO - 1 change detected
2025-08-04 14:03:24,311 - watchfiles.main - INFO - 1 change detected
2025-08-04 14:03:25,794 - watchfiles.main - INFO - 1 change detected
2025-08-04 14:03:29,061 - watchfiles.main - INFO - 2 changes detected
2025-08-04 14:03:32,396 - watchfiles.main - INFO - 1 change detected
INFO:     127.0.0.1:53791 - "POST /mcp HTTP/1.1" 200 OK
ERROR:tools:Tool execution failed for get_schema: column kcu.referenced_table_name does not exist
INFO:     127.0.0.1:53793 - "POST /mcp HTTP/1.1" 200 OK
2025-08-04 14:03:34,595 - watchfiles.main - INFO - 1 change detected
2025-08-04 14:03:38,129 - watchfiles.main - INFO - 1 change detected
2025-08-04 14:03:45,682 - watchfiles.main - INFO - 1 change detected
2025-08-04 14:03:46,046 - watchfiles.main - INFO - 1 change detected
2025-08-04 14:03:48,862 - watchfiles.main - INFO - 1 change detected
2025-08-04 14:03:51,224 - watchfiles.main - INFO - 1 change detected
2025-08-04 14:03:51,587 - watchfiles.main - INFO - 1 change detected
INFO:     127.0.0.1:53798 - "POST /mcp HTTP/1.1" 200 OK
INFO:     127.0.0.1:53800 - "POST /mcp HTTP/1.1" 200 OK
2025-08-04 14:03:54,428 - watchfiles.main - INFO - 1 change detected
2025-08-04 14:03:59,763 - watchfiles.main - INFO - 1 change detected
2025-08-04 14:04:01,522 - watchfiles.main - INFO - 1 change detected
2025-08-04 14:04:01,886 - watchfiles.main - INFO - 1 change detected
2025-08-04 14:04:04,992 - watchfiles.main - INFO - 1 change detected
INFO:     127.0.0.1:53804 - "GET /health HTTP/1.1" 200 OK
2025-08-04 14:04:07,101 - watchfiles.main - INFO - 1 change detected
2025-08-04 14:04:11,548 - watchfiles.main - INFO - 1 change detected
2025-08-04 14:04:13,303 - watchfiles.main - INFO - 1 change detected
2025-08-04 14:04:13,664 - watchfiles.main - INFO - 1 change detected
2025-08-04 14:04:15,899 - watchfiles.main - INFO - 1 change detected
2025-08-04 14:04:18,513 - watchfiles.main - INFO - 1 change detected
2025-08-04 14:04:21,777 - watchfiles.main - INFO - 1 change detected
2025-08-04 14:04:27,449 - watchfiles.main - INFO - 1 change detected
2025-08-04 14:04:28,299 - watchfiles.main - INFO - 1 change detected
2025-08-04 14:04:31,978 - watchfiles.main - INFO - 1 change detected
2025-08-04 14:04:39,941 - watchfiles.main - INFO - 1 change detected
2025-08-04 14:04:43,455 - watchfiles.main - INFO - 1 change detected
2025-08-04 14:04:59,710 - watchfiles.main - INFO - 1 change detected
2025-08-04 14:05:02,692 - watchfiles.main - INFO - 2 changes detected
2025-08-04 14:05:03,273 - watchfiles.main - INFO - 1 change detected
2025-08-04 14:05:03,636 - watchfiles.main - INFO - 1 change detected
2025-08-04 14:05:07,029 - watchfiles.main - INFO - 1 change detected
2025-08-04 14:05:12,077 - watchfiles.main - INFO - 1 change detected
2025-08-04 14:05:13,970 - watchfiles.main - INFO - 1 change detected
2025-08-04 14:05:14,325 - watchfiles.main - INFO - 1 change detected
2025-08-04 14:05:17,587 - watchfiles.main - INFO - 1 change detected
2025-08-04 14:05:22,448 - watchfiles.main - INFO - 1 change detected
2025-08-04 14:05:28,674 - watchfiles.main - INFO - 1 change detected
2025-08-04 14:05:29,942 - watchfiles.main - INFO - 1 change detected
2025-08-04 14:05:30,298 - watchfiles.main - INFO - 1 change detected
2025-08-04 14:05:34,148 - watchfiles.main - INFO - 1 change detected
2025-08-04 14:05:39,779 - watchfiles.main - INFO - 1 change detected
2025-08-04 14:05:46,298 - watchfiles.main - INFO - 1 change detected
2025-08-04 14:05:50,008 - watchfiles.main - INFO - 1 change detected
2025-08-04 14:05:57,825 - watchfiles.main - INFO - 1 change detected
2025-08-04 14:05:58,187 - watchfiles.main - INFO - 1 change detected
2025-08-04 14:06:01,986 - watchfiles.main - INFO - 1 change detected
2025-08-04 14:06:03,036 - watchfiles.main - INFO - 1 change detected
2025-08-04 14:06:06,330 - watchfiles.main - INFO - 1 change detected
2025-08-04 14:06:12,665 - watchfiles.main - INFO - 1 change detected
2025-08-04 14:06:14,062 - watchfiles.main - INFO - 1 change detected
2025-08-04 14:06:18,178 - watchfiles.main - INFO - 1 change detected
2025-08-04 14:06:25,399 - watchfiles.main - INFO - 1 change detected
2025-08-04 14:06:29,245 - watchfiles.main - INFO - 2 changes detected
2025-08-04 14:06:29,984 - watchfiles.main - INFO - 1 change detected
2025-08-04 14:06:32,871 - watchfiles.main - INFO - 1 change detected
2025-08-04 14:06:38,974 - watchfiles.main - INFO - 1 change detected
2025-08-04 14:06:41,142 - watchfiles.main - INFO - 1 change detected
2025-08-04 14:06:44,834 - watchfiles.main - INFO - 1 change detected
2025-08-04 14:06:52,467 - watchfiles.main - INFO - 1 change detected
2025-08-04 14:06:52,828 - watchfiles.main - INFO - 1 change detected
2025-08-04 14:06:56,079 - watchfiles.main - INFO - 1 change detected
2025-08-04 14:06:58,245 - watchfiles.main - INFO - 1 change detected
2025-08-04 14:07:01,584 - watchfiles.main - INFO - 1 change detected
2025-08-04 14:07:06,739 - watchfiles.main - INFO - 1 change detected
2025-08-04 14:07:08,920 - watchfiles.main - INFO - 1 change detected
2025-08-04 14:07:14,801 - watchfiles.main - INFO - 2 changes detected
2025-08-04 14:07:20,129 - watchfiles.main - INFO - 2 changes detected
2025-08-04 14:07:24,840 - watchfiles.main - INFO - 1 change detected
2025-08-04 14:07:31,420 - watchfiles.main - INFO - 1 change detected
2025-08-04 14:07:35,023 - watchfiles.main - INFO - 1 change detected
INFO:     127.0.0.1:53836 - "GET /health HTTP/1.1" 200 OK
INFO:     127.0.0.1:53843 - "POST /mcp HTTP/1.1" 200 OK
ERROR:tools:Tool execution failed for get_schema: column kcu.referenced_table_name does not exist
INFO:     127.0.0.1:53845 - "POST /mcp HTTP/1.1" 200 OK
INFO:     127.0.0.1:53847 - "POST /mcp HTTP/1.1" 200 OK
INFO:     127.0.0.1:53849 - "POST /mcp HTTP/1.1" 200 OK
2025-08-04 14:07:57,942 - watchfiles.main - INFO - 1 change detected
INFO:     127.0.0.1:53853 - "POST /mcp HTTP/1.1" 200 OK
ERROR:tools:Tool execution failed for get_schema: column kcu.referenced_table_name does not exist
INFO:     127.0.0.1:53855 - "POST /mcp HTTP/1.1" 200 OK
INFO:     127.0.0.1:53860 - "POST /mcp HTTP/1.1" 200 OK
ERROR:tools:Tool execution failed for get_schema: column kcu.referenced_table_name does not exist
INFO:     127.0.0.1:53862 - "POST /mcp HTTP/1.1" 200 OK
2025-08-04 14:08:36,813 - watchfiles.main - INFO - 1 change detected
2025-08-04 14:08:40,395 - watchfiles.main - INFO - 1 change detected
2025-08-04 14:08:40,756 - watchfiles.main - INFO - 1 change detected
2025-08-04 14:08:44,136 - watchfiles.main - INFO - 1 change detected
2025-08-04 14:08:47,243 - watchfiles.main - INFO - 1 change detected
2025-08-04 14:08:50,905 - watchfiles.main - INFO - 2 changes detected
2025-08-04 14:08:51,266 - watchfiles.main - INFO - 1 change detected
2025-08-04 14:08:54,349 - watchfiles.main - INFO - 1 change detected
2025-08-04 14:09:00,262 - watchfiles.main - INFO - 1 change detected
2025-08-04 14:09:02,254 - watchfiles.main - INFO - 1 change detected
2025-08-04 14:09:02,618 - watchfiles.main - INFO - 1 change detected
2025-08-04 14:09:05,787 - watchfiles.main - INFO - 1 change detected
2025-08-04 14:09:07,398 - watchfiles.main - INFO - 1 change detected
2025-08-04 14:09:10,549 - watchfiles.main - INFO - 1 change detected
2025-08-04 14:09:16,431 - watchfiles.main - INFO - 1 change detected
2025-08-04 14:09:18,142 - watchfiles.main - INFO - 1 change detected
2025-08-04 14:09:18,503 - watchfiles.main - INFO - 1 change detected
2025-08-04 14:09:21,641 - watchfiles.main - INFO - 1 change detected
2025-08-04 14:09:23,726 - watchfiles.main - INFO - 1 change detected
2025-08-04 14:09:24,088 - watchfiles.main - INFO - 1 change detected
2025-08-04 14:09:26,963 - watchfiles.main - INFO - 1 change detected
2025-08-04 14:09:32,629 - watchfiles.main - INFO - 1 change detected
2025-08-04 14:09:34,647 - watchfiles.main - INFO - 1 change detected
2025-08-04 14:09:37,986 - watchfiles.main - INFO - 2 changes detected
2025-08-04 14:09:41,083 - watchfiles.main - INFO - 1 change detected
2025-08-04 14:09:43,334 - watchfiles.main - INFO - 1 change detected
2025-08-04 14:09:43,966 - watchfiles.main - INFO - 1 change detected
2025-08-04 14:09:44,333 - watchfiles.main - INFO - 1 change detected
2025-08-04 14:09:46,837 - watchfiles.main - INFO - 1 change detected
2025-08-04 14:09:52,457 - watchfiles.main - INFO - 1 change detected
2025-08-04 14:09:58,977 - watchfiles.main - INFO - 1 change detected
INFO:     127.0.0.1:53892 - "POST /mcp HTTP/1.1" 200 OK
ERROR:tools:Tool execution failed for get_schema: column kcu.referenced_table_name does not exist
INFO:     127.0.0.1:53894 - "POST /mcp HTTP/1.1" 200 OK
2025-08-04 14:10:02,468 - watchfiles.main - INFO - 1 change detected
INFO:     127.0.0.1:53896 - "POST /mcp HTTP/1.1" 200 OK
INFO:     127.0.0.1:53898 - "POST /mcp HTTP/1.1" 200 OK
2025-08-04 14:10:20,588 - watchfiles.main - INFO - 1 change detected
2025-08-04 14:10:20,947 - watchfiles.main - INFO - 1 change detected
2025-08-04 14:10:23,894 - watchfiles.main - INFO - 1 change detected
2025-08-04 14:10:25,608 - watchfiles.main - INFO - 1 change detected
2025-08-04 14:10:29,187 - watchfiles.main - INFO - 1 change detected
2025-08-04 14:10:34,128 - watchfiles.main - INFO - 1 change detected
2025-08-04 14:10:36,377 - watchfiles.main - INFO - 1 change detected
2025-08-04 14:10:36,757 - watchfiles.main - INFO - 1 change detected
2025-08-04 14:10:39,236 - watchfiles.main - INFO - 1 change detected
2025-08-04 14:10:41,386 - watchfiles.main - INFO - 1 change detected
2025-08-04 14:10:41,745 - watchfiles.main - INFO - 1 change detected
2025-08-04 14:10:53,598 - watchfiles.main - INFO - 1 change detected
2025-08-04 14:10:57,755 - watchfiles.main - INFO - 1 change detected
2025-08-04 14:11:00,494 - watchfiles.main - INFO - 1 change detected
2025-08-04 14:11:03,877 - watchfiles.main - INFO - 1 change detected
2025-08-04 14:11:07,706 - watchfiles.main - INFO - 1 change detected
2025-08-04 14:11:09,563 - watchfiles.main - INFO - 1 change detected
2025-08-04 14:11:09,918 - watchfiles.main - INFO - 1 change detected
2025-08-04 14:11:12,837 - watchfiles.main - INFO - 1 change detected
2025-08-04 14:11:15,352 - watchfiles.main - INFO - 1 change detected
2025-08-04 14:11:15,718 - watchfiles.main - INFO - 1 change detected
2025-08-04 14:11:18,768 - watchfiles.main - INFO - 1 change detected
2025-08-04 14:11:24,123 - watchfiles.main - INFO - 1 change detected
2025-08-04 14:11:25,716 - watchfiles.main - INFO - 1 change detected
2025-08-04 14:11:29,319 - watchfiles.main - INFO - 1 change detected
2025-08-04 14:11:38,992 - watchfiles.main - INFO - 1 change detected
2025-08-04 14:11:39,354 - watchfiles.main - INFO - 1 change detected
2025-08-04 14:11:57,865 - watchfiles.main - INFO - 1 change detected
2025-08-04 14:12:04,366 - watchfiles.main - INFO - 1 change detected
2025-08-04 14:12:06,095 - watchfiles.main - INFO - 1 change detected
2025-08-04 14:12:06,456 - watchfiles.main - INFO - 1 change detected
2025-08-04 14:12:09,853 - watchfiles.main - INFO - 1 change detected
2025-08-04 14:12:10,943 - watchfiles.main - INFO - 1 change detected
2025-08-04 14:12:11,316 - watchfiles.main - INFO - 1 change detected
2025-08-04 14:12:15,261 - watchfiles.main - INFO - 1 change detected
2025-08-04 14:12:20,418 - watchfiles.main - INFO - 1 change detected
2025-08-04 14:12:21,443 - watchfiles.main - INFO - 1 change detected
2025-08-04 14:15:59,743 - watchfiles.main - INFO - 1 change detected
2025-08-04 14:16:00,101 - watchfiles.main - INFO - 1 change detected
2025-08-04 14:16:04,005 - watchfiles.main - INFO - 2 changes detected
2025-08-04 14:16:04,500 - watchfiles.main - INFO - 1 change detected
2025-08-04 14:16:08,013 - watchfiles.main - INFO - 1 change detected
2025-08-04 14:16:13,664 - watchfiles.main - INFO - 1 change detected
2025-08-04 14:16:14,639 - watchfiles.main - INFO - 1 change detected
2025-08-04 14:16:19,544 - watchfiles.main - INFO - 2 changes detected
2025-08-04 14:16:20,308 - watchfiles.main - INFO - 1 change detected
2025-08-04 14:16:20,739 - watchfiles.main - INFO - 1 change detected
2025-08-04 14:16:21,159 - watchfiles.main - INFO - 1 change detected
2025-08-04 14:16:26,811 - watchfiles.main - INFO - 1 change detected
2025-08-04 14:16:30,612 - watchfiles.main - INFO - 1 change detected
2025-08-04 14:16:31,653 - watchfiles.main - INFO - 1 change detected
2025-08-04 14:16:35,659 - watchfiles.main - INFO - 1 change detected
2025-08-04 14:16:41,483 - watchfiles.main - INFO - 1 change detected
2025-08-04 14:16:45,485 - watchfiles.main - INFO - 2 changes detected
2025-08-04 14:16:46,484 - watchfiles.main - INFO - 1 change detected
2025-08-04 14:16:46,851 - watchfiles.main - INFO - 1 change detected
2025-08-04 14:16:50,476 - watchfiles.main - INFO - 1 change detected
2025-08-04 14:16:55,489 - watchfiles.main - INFO - 1 change detected
2025-08-04 14:16:58,309 - watchfiles.main - INFO - 1 change detected
2025-08-04 14:17:02,048 - watchfiles.main - INFO - 2 changes detected
2025-08-04 14:17:02,574 - watchfiles.main - INFO - 1 change detected
2025-08-04 14:17:05,924 - watchfiles.main - INFO - 1 change detected
2025-08-04 14:17:11,893 - watchfiles.main - INFO - 1 change detected
2025-08-04 14:17:13,049 - watchfiles.main - INFO - 1 change detected
2025-08-04 14:17:17,040 - watchfiles.main - INFO - 1 change detected
2025-08-04 14:17:23,996 - watchfiles.main - INFO - 1 change detected
2025-08-04 14:17:24,360 - watchfiles.main - INFO - 1 change detected
2025-08-04 14:17:27,910 - watchfiles.main - INFO - 1 change detected
2025-08-04 14:17:30,069 - watchfiles.main - INFO - 1 change detected
2025-08-04 14:17:34,284 - watchfiles.main - INFO - 1 change detected
2025-08-04 14:17:40,040 - watchfiles.main - INFO - 1 change detected
2025-08-04 14:17:41,399 - watchfiles.main - INFO - 1 change detected
2025-08-04 14:17:45,408 - watchfiles.main - INFO - 2 changes detected
2025-08-04 14:17:49,817 - watchfiles.main - INFO - 1 change detected
2025-08-04 14:17:50,875 - watchfiles.main - INFO - 1 change detected
2025-08-04 14:17:51,240 - watchfiles.main - INFO - 1 change detected
2025-08-04 14:17:55,673 - watchfiles.main - INFO - 1 change detected
2025-08-04 14:17:56,841 - watchfiles.main - INFO - 1 change detected
2025-08-04 14:18:01,282 - watchfiles.main - INFO - 1 change detected
2025-08-04 14:18:05,783 - watchfiles.main - INFO - 1 change detected
2025-08-04 14:18:07,260 - watchfiles.main - INFO - 1 change detected
2025-08-04 14:18:11,715 - watchfiles.main - INFO - 1 change detected
2025-08-04 14:18:17,543 - watchfiles.main - INFO - 1 change detected
2025-08-04 14:18:23,639 - watchfiles.main - INFO - 1 change detected
2025-08-04 14:18:28,085 - watchfiles.main - INFO - 2 changes detected
2025-08-04 14:18:28,728 - watchfiles.main - INFO - 1 change detected
2025-08-04 14:18:29,096 - watchfiles.main - INFO - 1 change detected
2025-08-04 14:18:32,180 - watchfiles.main - INFO - 1 change detected
2025-08-04 14:18:37,918 - watchfiles.main - INFO - 1 change detected
2025-08-04 14:18:39,303 - watchfiles.main - INFO - 1 change detected
2025-08-04 14:18:50,942 - watchfiles.main - INFO - 1 change detected
2025-08-04 14:18:52,546 - watchfiles.main - INFO - 1 change detected
2025-08-04 14:18:57,406 - watchfiles.main - INFO - 1 change detected
2025-08-04 14:18:57,831 - watchfiles.main - INFO - 1 change detected
2025-08-04 14:19:08,209 - watchfiles.main - INFO - 1 change detected
2025-08-04 14:19:27,192 - watchfiles.main - INFO - 1 change detected
2025-08-04 14:19:51,699 - watchfiles.main - INFO - 1 change detected
2025-08-04 14:20:00,577 - watchfiles.main - INFO - 1 change detected
2025-08-04 14:20:00,998 - watchfiles.main - INFO - 1 change detected
2025-08-04 14:20:01,533 - watchfiles.main - INFO - 1 change detected
2025-08-04 14:20:04,620 - watchfiles.main - INFO - 1 change detected
2025-08-04 14:20:11,348 - watchfiles.main - INFO - 1 change detected
2025-08-04 14:20:12,816 - watchfiles.main - INFO - 1 change detected
2025-08-04 14:20:14,472 - watchfiles.main - INFO - 1 change detected
2025-08-04 14:20:14,840 - watchfiles.main - INFO - 1 change detected
2025-08-04 14:20:15,597 - watchfiles.main - INFO - 1 change detected
2025-08-04 14:20:24,466 - watchfiles.main - INFO - 1 change detected
2025-08-04 14:20:27,208 - watchfiles.main - INFO - 1 change detected
2025-08-04 14:20:28,012 - watchfiles.main - INFO - 1 change detected
2025-08-04 14:20:31,339 - watchfiles.main - INFO - 1 change detected
2025-08-04 14:20:36,636 - watchfiles.main - INFO - 1 change detected
2025-08-04 14:20:41,597 - watchfiles.main - INFO - 1 change detected
2025-08-04 14:20:43,228 - watchfiles.main - INFO - 1 change detected
2025-08-04 14:20:43,603 - watchfiles.main - INFO - 1 change detected
2025-08-04 14:20:52,457 - watchfiles.main - INFO - 1 change detected
2025-08-04 14:20:57,156 - watchfiles.main - INFO - 1 change detected
2025-08-04 14:20:57,531 - watchfiles.main - INFO - 1 change detected
2025-08-04 14:21:02,022 - watchfiles.main - INFO - 1 change detected
2025-08-04 14:21:04,823 - watchfiles.main - INFO - 1 change detected
2025-08-04 14:21:08,132 - watchfiles.main - INFO - 1 change detected
2025-08-04 14:21:16,643 - watchfiles.main - INFO - 1 change detected
2025-08-04 14:21:22,337 - watchfiles.main - INFO - 1 change detected
2025-08-04 14:21:51,115 - watchfiles.main - INFO - 1 change detected
2025-08-04 14:21:51,537 - watchfiles.main - INFO - 1 change detected
2025-08-04 14:21:54,501 - watchfiles.main - INFO - 1 change detected
2025-08-04 14:22:04,101 - watchfiles.main - INFO - 1 change detected
2025-08-04 14:22:12,044 - watchfiles.main - INFO - 1 change detected
2025-08-04 14:22:13,912 - watchfiles.main - INFO - 1 change detected
2025-08-04 14:22:18,291 - watchfiles.main - INFO - 1 change detected
2025-08-04 14:22:18,650 - watchfiles.main - INFO - 1 change detected
2025-08-04 14:31:37,354 - watchfiles.main - INFO - 1 change detected
2025-08-04 14:31:38,052 - watchfiles.main - INFO - 1 change detected
2025-08-04 14:31:42,510 - watchfiles.main - INFO - 1 change detected
2025-08-04 14:31:50,898 - watchfiles.main - INFO - 1 change detected
2025-08-04 14:31:51,255 - watchfiles.main - INFO - 1 change detected
2025-08-04 14:31:53,207 - watchfiles.main - INFO - 1 change detected
2025-08-04 14:31:59,513 - watchfiles.main - INFO - 1 change detected
2025-08-04 14:32:00,330 - watchfiles.main - INFO - 1 change detected
2025-08-04 14:32:02,461 - watchfiles.main - INFO - 1 change detected
2025-08-04 14:32:11,393 - watchfiles.main - INFO - 1 change detected
2025-08-04 14:32:14,065 - watchfiles.main - INFO - 1 change detected
2025-08-04 14:32:17,458 - watchfiles.main - INFO - 1 change detected
2025-08-04 14:32:17,818 - watchfiles.main - INFO - 1 change detected
2025-08-04 14:32:22,080 - watchfiles.main - INFO - 1 change detected
2025-08-04 14:32:24,548 - watchfiles.main - INFO - 1 change detected
2025-08-04 14:32:24,906 - watchfiles.main - INFO - 1 change detected
2025-08-04 14:32:29,198 - watchfiles.main - INFO - 1 change detected
2025-08-04 14:32:40,822 - watchfiles.main - INFO - 1 change detected
2025-08-04 14:33:56,578 - watchfiles.main - INFO - 1 change detected
2025-08-04 14:33:56,955 - watchfiles.main - INFO - 1 change detected
2025-08-04 14:33:59,568 - watchfiles.main - INFO - 1 change detected
2025-08-04 14:34:07,685 - watchfiles.main - INFO - 1 change detected
2025-08-04 14:34:14,764 - watchfiles.main - INFO - 1 change detected
2025-08-04 14:34:18,849 - watchfiles.main - INFO - 1 change detected
2025-08-04 14:34:19,716 - watchfiles.main - INFO - 1 change detected
2025-08-04 14:34:23,061 - watchfiles.main - INFO - 1 change detected
2025-08-04 14:34:32,256 - watchfiles.main - INFO - 1 change detected
2025-08-04 14:34:40,096 - watchfiles.main - INFO - 1 change detected
2025-08-04 14:34:43,199 - watchfiles.main - INFO - 1 change detected
2025-08-04 14:34:46,200 - watchfiles.main - INFO - 1 change detected
2025-08-04 14:34:46,730 - watchfiles.main - INFO - 1 change detected
2025-08-04 14:34:50,894 - watchfiles.main - INFO - 1 change detected
2025-08-04 14:34:55,272 - watchfiles.main - INFO - 1 change detected
2025-08-04 14:35:26,162 - watchfiles.main - INFO - 1 change detected
2025-08-04 14:35:32,159 - watchfiles.main - INFO - 1 change detected
2025-08-04 14:35:45,797 - watchfiles.main - INFO - 1 change detected
2025-08-04 14:35:46,339 - watchfiles.main - INFO - 1 change detected
2025-08-04 14:35:51,632 - watchfiles.main - INFO - 1 change detected
2025-08-04 14:35:57,439 - watchfiles.main - INFO - 1 change detected
2025-08-04 14:35:59,539 - watchfiles.main - INFO - 1 change detected
2025-08-04 14:36:03,033 - watchfiles.main - INFO - 1 change detected
2025-08-04 14:36:04,510 - watchfiles.main - INFO - 1 change detected
2025-08-04 14:36:04,882 - watchfiles.main - INFO - 1 change detected
2025-08-04 14:36:08,301 - watchfiles.main - INFO - 1 change detected
2025-08-04 14:36:15,632 - watchfiles.main - INFO - 1 change detected
2025-08-04 14:36:19,403 - watchfiles.main - INFO - 1 change detected
2025-08-04 14:36:19,762 - watchfiles.main - INFO - 1 change detected
2025-08-04 14:36:23,803 - watchfiles.main - INFO - 1 change detected
2025-08-04 14:36:24,907 - watchfiles.main - INFO - 1 change detected
2025-08-04 14:36:25,451 - watchfiles.main - INFO - 1 change detected
2025-08-04 14:36:26,275 - watchfiles.main - INFO - 1 change detected
2025-08-04 14:36:29,498 - watchfiles.main - INFO - 1 change detected
2025-08-04 14:36:35,916 - watchfiles.main - INFO - 1 change detected
2025-08-04 14:36:46,741 - watchfiles.main - INFO - 1 change detected
2025-08-04 14:36:47,444 - watchfiles.main - INFO - 1 change detected
2025-08-04 14:36:47,820 - watchfiles.main - INFO - 1 change detected
2025-08-04 14:36:50,567 - watchfiles.main - INFO - 1 change detected
2025-08-04 14:36:56,839 - watchfiles.main - INFO - 1 change detected
2025-08-04 14:37:04,260 - watchfiles.main - INFO - 1 change detected
2025-08-04 14:37:07,675 - watchfiles.main - INFO - 1 change detected
2025-08-04 14:37:13,391 - watchfiles.main - INFO - 1 change detected
2025-08-04 14:37:14,495 - watchfiles.main - INFO - 1 change detected
2025-08-04 14:37:17,772 - watchfiles.main - INFO - 1 change detected
2025-08-04 14:37:18,199 - watchfiles.main - INFO - 1 change detected
2025-08-04 14:37:18,948 - watchfiles.main - INFO - 1 change detected
2025-08-04 14:37:22,631 - watchfiles.main - INFO - 1 change detected
2025-08-04 14:37:28,566 - watchfiles.main - INFO - 1 change detected
2025-08-04 14:37:32,367 - watchfiles.main - INFO - 1 change detected
2025-08-04 14:37:35,544 - watchfiles.main - INFO - 1 change detected
2025-08-04 14:37:36,123 - watchfiles.main - INFO - 1 change detected
2025-08-04 14:37:39,574 - watchfiles.main - INFO - 1 change detected
2025-08-04 14:37:41,732 - watchfiles.main - INFO - 1 change detected
2025-08-04 14:37:42,108 - watchfiles.main - INFO - 1 change detected
2025-08-04 14:37:45,779 - watchfiles.main - INFO - 1 change detected
2025-08-04 14:37:55,606 - watchfiles.main - INFO - 1 change detected
2025-08-04 14:37:56,139 - watchfiles.main - INFO - 1 change detected
2025-08-04 14:37:56,513 - watchfiles.main - INFO - 1 change detected
2025-08-04 14:37:58,655 - watchfiles.main - INFO - 1 change detected
2025-08-04 14:38:05,118 - watchfiles.main - INFO - 1 change detected
2025-08-04 14:38:11,677 - watchfiles.main - INFO - 1 change detected
2025-08-04 14:38:14,767 - watchfiles.main - INFO - 1 change detected
2025-08-04 14:38:15,139 - watchfiles.main - INFO - 1 change detected
2025-08-04 14:38:17,570 - watchfiles.main - INFO - 1 change detected
2025-08-04 14:38:25,083 - watchfiles.main - INFO - 1 change detected
2025-08-04 14:38:31,131 - watchfiles.main - INFO - 1 change detected
2025-08-04 14:38:34,451 - watchfiles.main - INFO - 1 change detected
2025-08-04 14:38:37,835 - watchfiles.main - INFO - 1 change detected
2025-08-04 14:38:38,205 - watchfiles.main - INFO - 1 change detected
2025-08-04 14:38:42,059 - watchfiles.main - INFO - 1 change detected
2025-08-04 14:38:45,214 - watchfiles.main - INFO - 1 change detected
2025-08-04 14:38:48,238 - watchfiles.main - INFO - 1 change detected
2025-08-04 14:38:48,613 - watchfiles.main - INFO - 1 change detected
2025-08-04 14:38:52,129 - watchfiles.main - INFO - 1 change detected
2025-08-04 14:38:54,147 - watchfiles.main - INFO - 1 change detected
2025-08-04 14:38:58,053 - watchfiles.main - INFO - 1 change detected
2025-08-04 14:39:06,043 - watchfiles.main - INFO - 1 change detected
2025-08-04 14:39:08,593 - watchfiles.main - INFO - 1 change detected
2025-08-04 14:39:08,959 - watchfiles.main - INFO - 1 change detected
2025-08-04 14:39:12,487 - watchfiles.main - INFO - 1 change detected
2025-08-04 14:39:14,560 - watchfiles.main - INFO - 1 change detected
2025-08-04 14:39:18,619 - watchfiles.main - INFO - 1 change detected
2025-08-04 14:39:26,059 - watchfiles.main - INFO - 1 change detected
2025-08-04 14:39:29,892 - watchfiles.main - INFO - 1 change detected
2025-08-04 14:50:16,938 - watchfiles.main - INFO - 1 change detected
2025-08-04 14:50:20,652 - watchfiles.main - INFO - 1 change detected
2025-08-04 14:50:21,138 - watchfiles.main - INFO - 1 change detected
2025-08-04 14:50:24,585 - watchfiles.main - INFO - 1 change detected
2025-08-04 14:50:28,958 - watchfiles.main - INFO - 1 change detected
2025-08-04 14:50:31,323 - watchfiles.main - INFO - 1 change detected
2025-08-04 14:50:32,649 - watchfiles.main - INFO - 1 change detected
2025-08-04 14:50:36,127 - watchfiles.main - INFO - 1 change detected
2025-08-04 14:50:36,499 - watchfiles.main - INFO - 1 change detected
2025-08-04 14:50:41,477 - watchfiles.main - INFO - 1 change detected
2025-08-04 14:50:42,621 - watchfiles.main - INFO - 1 change detected
2025-08-04 14:50:43,580 - watchfiles.main - INFO - 1 change detected
2025-08-04 14:50:48,129 - watchfiles.main - INFO - 1 change detected
2025-08-04 14:50:55,244 - watchfiles.main - INFO - 1 change detected
2025-08-04 14:50:58,870 - watchfiles.main - INFO - 2 changes detected
2025-08-04 14:50:59,638 - watchfiles.main - INFO - 1 change detected
2025-08-04 14:51:04,144 - watchfiles.main - INFO - 1 change detected
2025-08-04 14:51:06,335 - watchfiles.main - INFO - 1 change detected
2025-08-04 14:51:10,281 - watchfiles.main - INFO - 1 change detected
2025-08-04 14:52:21,728 - watchfiles.main - INFO - 1 change detected
2025-08-04 14:52:25,224 - watchfiles.main - INFO - 1 change detected
2025-08-04 14:52:25,645 - watchfiles.main - INFO - 1 change detected
2025-08-04 14:52:29,559 - watchfiles.main - INFO - 1 change detected
2025-08-04 14:52:36,949 - watchfiles.main - INFO - 1 change detected
2025-08-04 14:55:16,021 - watchfiles.main - INFO - 1 change detected
2025-08-04 14:55:16,394 - watchfiles.main - INFO - 1 change detected
2025-08-04 14:56:26,879 - watchfiles.main - INFO - 1 change detected
2025-08-04 14:56:42,272 - watchfiles.main - INFO - 1 change detected
2025-08-04 14:56:48,153 - watchfiles.main - INFO - 1 change detected
2025-08-04 14:56:49,066 - watchfiles.main - INFO - 1 change detected
2025-08-04 14:56:50,639 - watchfiles.main - INFO - 1 change detected
2025-08-04 14:56:52,724 - watchfiles.main - INFO - 1 change detected
2025-08-04 14:56:55,175 - watchfiles.main - INFO - 1 change detected
2025-08-04 14:56:55,664 - watchfiles.main - INFO - 1 change detected
2025-08-04 14:56:56,429 - watchfiles.main - INFO - 1 change detected
2025-08-04 14:56:57,595 - watchfiles.main - INFO - 1 change detected
2025-08-04 14:57:06,854 - watchfiles.main - INFO - 1 change detected
2025-08-04 14:57:09,341 - watchfiles.main - INFO - 1 change detected
2025-08-04 14:57:09,706 - watchfiles.main - INFO - 1 change detected
2025-08-04 14:57:12,846 - watchfiles.main - INFO - 1 change detected
2025-08-04 14:57:17,164 - watchfiles.main - INFO - 1 change detected
2025-08-04 14:57:17,711 - watchfiles.main - INFO - 1 change detected
2025-08-04 14:57:18,417 - watchfiles.main - INFO - 1 change detected
2025-08-04 14:57:19,735 - watchfiles.main - INFO - 1 change detected
2025-08-04 15:02:20,620 - watchfiles.main - INFO - 1 change detected
2025-08-04 15:02:27,089 - watchfiles.main - INFO - 1 change detected
2025-08-04 15:02:55,682 - watchfiles.main - INFO - 1 change detected
2025-08-04 15:03:00,292 - watchfiles.main - INFO - 1 change detected
2025-08-04 15:03:01,045 - watchfiles.main - INFO - 1 change detected
2025-08-04 15:03:05,459 - watchfiles.main - INFO - 1 change detected
2025-08-04 15:03:11,817 - watchfiles.main - INFO - 1 change detected
2025-08-04 15:08:34,617 - watchfiles.main - INFO - 1 change detected
2025-08-04 15:08:36,762 - watchfiles.main - INFO - 1 change detected
2025-08-04 15:08:40,858 - watchfiles.main - INFO - 1 change detected
2025-08-04 15:08:46,025 - watchfiles.main - INFO - 1 change detected
2025-08-04 15:08:51,346 - watchfiles.main - INFO - 1 change detected
2025-08-04 15:08:52,029 - watchfiles.main - INFO - 1 change detected
2025-08-04 15:08:56,440 - watchfiles.main - INFO - 1 change detected
2025-08-04 15:08:59,509 - watchfiles.main - INFO - 1 change detected
2025-08-04 15:09:04,799 - watchfiles.main - INFO - 1 change detected
2025-08-04 15:09:12,244 - watchfiles.main - INFO - 1 change detected
2025-08-04 15:09:16,251 - watchfiles.main - INFO - 1 change detected
2025-08-04 15:10:19,020 - watchfiles.main - INFO - 1 change detected
2025-08-04 15:10:19,399 - watchfiles.main - INFO - 1 change detected
2025-08-04 15:10:23,642 - watchfiles.main - INFO - 1 change detected
2025-08-04 15:10:27,238 - watchfiles.main - INFO - 1 change detected
2025-08-04 15:10:29,664 - watchfiles.main - INFO - 1 change detected
2025-08-04 15:10:37,705 - watchfiles.main - INFO - 1 change detected
2025-08-04 15:10:39,876 - watchfiles.main - INFO - 1 change detected
2025-08-04 15:10:44,625 - watchfiles.main - INFO - 1 change detected
2025-08-04 15:11:15,874 - watchfiles.main - INFO - 1 change detected
2025-08-04 15:11:19,550 - watchfiles.main - INFO - 1 change detected
2025-08-04 15:11:20,030 - watchfiles.main - INFO - 1 change detected
2025-08-04 15:11:20,786 - watchfiles.main - INFO - 1 change detected
2025-08-04 15:11:25,128 - watchfiles.main - INFO - 1 change detected
2025-08-04 15:11:27,823 - watchfiles.main - INFO - 1 change detected
2025-08-04 15:11:31,994 - watchfiles.main - INFO - 1 change detected
2025-08-04 15:12:04,100 - watchfiles.main - INFO - 1 change detected
2025-08-04 15:12:07,064 - watchfiles.main - INFO - 1 change detected
2025-08-04 15:12:07,539 - watchfiles.main - INFO - 1 change detected
2025-08-04 15:12:08,179 - watchfiles.main - INFO - 1 change detected
2025-08-04 15:12:08,957 - watchfiles.main - INFO - 1 change detected
2025-08-04 15:12:09,506 - watchfiles.main - INFO - 1 change detected
2025-08-04 15:12:10,259 - watchfiles.main - INFO - 1 change detected
2025-08-04 15:12:10,631 - watchfiles.main - INFO - 1 change detected
2025-08-04 15:12:11,608 - watchfiles.main - INFO - 1 change detected
2025-08-04 15:12:19,446 - watchfiles.main - INFO - 1 change detected
2025-08-04 15:12:22,245 - watchfiles.main - INFO - 1 change detected
2025-08-04 15:12:25,195 - watchfiles.main - INFO - 1 change detected
2025-08-04 15:12:25,687 - watchfiles.main - INFO - 1 change detected
2025-08-04 15:12:26,464 - watchfiles.main - INFO - 1 change detected
2025-08-04 15:12:26,819 - watchfiles.main - INFO - 1 change detected
2025-08-04 15:12:27,192 - watchfiles.main - INFO - 1 change detected
2025-08-04 15:12:41,978 - watchfiles.main - INFO - 1 change detected
2025-08-04 15:13:05,182 - watchfiles.main - INFO - 1 change detected
2025-08-04 15:14:04,986 - watchfiles.main - INFO - 1 change detected
2025-08-04 15:14:05,629 - watchfiles.main - INFO - 1 change detected
2025-08-04 15:14:09,277 - watchfiles.main - INFO - 1 change detected
2025-08-04 15:18:59,851 - watchfiles.main - INFO - 1 change detected
2025-08-04 15:19:00,749 - watchfiles.main - INFO - 1 change detected
2025-08-04 15:19:01,952 - watchfiles.main - INFO - 1 change detected
2025-08-04 15:19:02,760 - watchfiles.main - INFO - 1 change detected
2025-08-04 15:19:04,061 - watchfiles.main - INFO - 1 change detected
2025-08-04 15:19:10,137 - watchfiles.main - INFO - 1 change detected
2025-08-04 15:19:10,681 - watchfiles.main - INFO - 1 change detected
2025-08-04 15:19:11,674 - watchfiles.main - INFO - 1 change detected
2025-08-04 15:19:12,156 - watchfiles.main - INFO - 1 change detected
2025-08-04 15:19:12,695 - watchfiles.main - INFO - 1 change detected
2025-08-04 15:19:17,488 - watchfiles.main - INFO - 1 change detected
2025-08-04 15:19:17,857 - watchfiles.main - INFO - 1 change detected
2025-08-04 15:19:20,181 - watchfiles.main - INFO - 1 change detected
2025-08-04 15:19:20,845 - watchfiles.main - INFO - 1 change detected
2025-08-04 15:19:27,737 - watchfiles.main - INFO - 1 change detected
2025-08-04 15:19:30,545 - watchfiles.main - INFO - 1 change detected
2025-08-04 15:19:33,955 - watchfiles.main - INFO - 1 change detected
2025-08-04 15:19:41,044 - watchfiles.main - INFO - 1 change detected
2025-08-04 15:19:44,596 - watchfiles.main - INFO - 1 change detected
2025-08-04 15:19:59,924 - watchfiles.main - INFO - 1 change detected
2025-08-04 15:20:00,286 - watchfiles.main - INFO - 1 change detected
2025-08-04 15:20:03,771 - watchfiles.main - INFO - 1 change detected
2025-08-04 15:20:05,471 - watchfiles.main - INFO - 1 change detected
2025-08-04 15:20:08,467 - watchfiles.main - INFO - 1 change detected
2025-08-04 15:20:14,130 - watchfiles.main - INFO - 1 change detected
2025-08-04 15:20:16,099 - watchfiles.main - INFO - 1 change detected
2025-08-04 15:20:19,310 - watchfiles.main - INFO - 2 changes detected
2025-08-04 15:20:22,778 - watchfiles.main - INFO - 1 change detected
2025-08-04 15:20:25,166 - watchfiles.main - INFO - 1 change detected
2025-08-04 15:20:28,688 - watchfiles.main - INFO - 1 change detected
2025-08-04 15:20:35,707 - watchfiles.main - INFO - 1 change detected
2025-08-04 15:20:39,354 - watchfiles.main - INFO - 1 change detected
2025-08-04 15:20:56,965 - watchfiles.main - INFO - 1 change detected
2025-08-04 15:20:57,337 - watchfiles.main - INFO - 1 change detected
2025-08-04 15:20:57,708 - watchfiles.main - INFO - 1 change detected
2025-08-04 15:21:00,732 - watchfiles.main - INFO - 1 change detected
2025-08-04 15:21:02,271 - watchfiles.main - INFO - 1 change detected
2025-08-04 15:21:05,827 - watchfiles.main - INFO - 1 change detected
2025-08-04 15:21:10,960 - watchfiles.main - INFO - 1 change detected
2025-08-04 15:21:12,958 - watchfiles.main - INFO - 1 change detected
2025-08-04 15:21:16,353 - watchfiles.main - INFO - 2 changes detected
2025-08-04 15:21:16,720 - watchfiles.main - INFO - 1 change detected
2025-08-04 15:21:19,861 - watchfiles.main - INFO - 1 change detected
2025-08-04 15:21:25,029 - watchfiles.main - INFO - 1 change detected
2025-08-04 15:21:26,161 - watchfiles.main - INFO - 1 change detected
2025-08-04 15:21:26,532 - watchfiles.main - INFO - 1 change detected
2025-08-04 15:21:30,088 - watchfiles.main - INFO - 1 change detected
2025-08-04 15:21:32,059 - watchfiles.main - INFO - 1 change detected
2025-08-04 15:21:36,444 - watchfiles.main - INFO - 1 change detected
2025-08-04 15:21:41,186 - watchfiles.main - INFO - 1 change detected
2025-08-04 15:21:43,299 - watchfiles.main - INFO - 1 change detected
2025-08-04 15:21:46,708 - watchfiles.main - INFO - 2 changes detected
2025-08-04 15:21:47,083 - watchfiles.main - INFO - 1 change detected
2025-08-04 15:21:50,277 - watchfiles.main - INFO - 1 change detected
2025-08-04 15:21:55,946 - watchfiles.main - INFO - 1 change detected
2025-08-04 15:21:57,619 - watchfiles.main - INFO - 1 change detected
2025-08-04 15:22:01,182 - watchfiles.main - INFO - 1 change detected
2025-08-04 15:22:08,056 - watchfiles.main - INFO - 1 change detected
2025-08-04 15:22:11,665 - watchfiles.main - INFO - 1 change detected
2025-08-04 15:22:27,318 - watchfiles.main - INFO - 1 change detected
2025-08-04 15:22:31,226 - watchfiles.main - INFO - 2 changes detected
2025-08-04 15:22:34,795 - watchfiles.main - INFO - 1 change detected
2025-08-04 15:22:36,957 - watchfiles.main - INFO - 1 change detected
2025-08-04 15:22:40,530 - watchfiles.main - INFO - 1 change detected
2025-08-04 15:22:47,367 - watchfiles.main - INFO - 1 change detected
2025-08-04 15:22:50,919 - watchfiles.main - INFO - 2 changes detected
2025-08-04 15:22:54,574 - watchfiles.main - INFO - 1 change detected
2025-08-04 15:22:56,376 - watchfiles.main - INFO - 1 change detected
2025-08-04 15:22:56,793 - watchfiles.main - INFO - 1 change detected
2025-08-04 15:22:59,982 - watchfiles.main - INFO - 1 change detected
2025-08-04 15:23:05,619 - watchfiles.main - INFO - 1 change detected
2025-08-04 15:23:11,335 - watchfiles.main - INFO - 1 change detected
2025-08-04 15:23:15,057 - watchfiles.main - INFO - 1 change detected
2025-08-04 15:23:32,158 - watchfiles.main - INFO - 1 change detected
2025-08-04 15:23:32,526 - watchfiles.main - INFO - 1 change detected
2025-08-04 15:23:35,767 - watchfiles.main - INFO - 1 change detected
2025-08-04 15:23:37,976 - watchfiles.main - INFO - 1 change detected
2025-08-04 15:23:38,344 - watchfiles.main - INFO - 1 change detected
2025-08-04 15:23:41,144 - watchfiles.main - INFO - 1 change detected
2025-08-04 15:23:46,160 - watchfiles.main - INFO - 1 change detected
2025-08-04 15:23:48,635 - watchfiles.main - INFO - 1 change detected
2025-08-04 15:23:49,012 - watchfiles.main - INFO - 1 change detected
2025-08-04 15:23:52,013 - watchfiles.main - INFO - 1 change detected
2025-08-04 15:23:54,212 - watchfiles.main - INFO - 1 change detected
2025-08-04 15:23:57,775 - watchfiles.main - INFO - 1 change detected
2025-08-04 15:24:02,599 - watchfiles.main - INFO - 1 change detected
2025-08-04 15:24:04,461 - watchfiles.main - INFO - 1 change detected
2025-08-04 15:24:08,035 - watchfiles.main - INFO - 1 change detected
2025-08-04 15:24:15,681 - watchfiles.main - INFO - 1 change detected
2025-08-04 15:24:19,533 - watchfiles.main - INFO - 2 changes detected
2025-08-04 15:24:20,291 - watchfiles.main - INFO - 1 change detected
2025-08-04 15:24:22,879 - watchfiles.main - INFO - 1 change detected
2025-08-04 15:24:29,305 - watchfiles.main - INFO - 1 change detected
2025-08-04 15:24:31,229 - watchfiles.main - INFO - 1 change detected
2025-08-04 15:24:34,653 - watchfiles.main - INFO - 1 change detected
2025-08-04 15:24:42,163 - watchfiles.main - INFO - 1 change detected
2025-08-04 15:24:45,908 - watchfiles.main - INFO - 1 change detected
2025-08-04 15:25:02,524 - watchfiles.main - INFO - 1 change detected
2025-08-04 15:25:02,887 - watchfiles.main - INFO - 1 change detected
2025-08-04 15:25:03,257 - watchfiles.main - INFO - 1 change detected
2025-08-04 15:25:06,076 - watchfiles.main - INFO - 1 change detected
2025-08-04 15:25:08,303 - watchfiles.main - INFO - 1 change detected
2025-08-04 15:25:11,388 - watchfiles.main - INFO - 1 change detected
2025-08-04 15:25:17,025 - watchfiles.main - INFO - 1 change detected
2025-08-04 15:25:18,633 - watchfiles.main - INFO - 1 change detected
2025-08-04 15:25:18,994 - watchfiles.main - INFO - 1 change detected
2025-08-04 15:25:22,088 - watchfiles.main - INFO - 1 change detected
2025-08-04 15:25:24,303 - watchfiles.main - INFO - 1 change detected
2025-08-04 15:25:27,028 - watchfiles.main - INFO - 1 change detected
2025-08-04 15:25:33,133 - watchfiles.main - INFO - 1 change detected
2025-08-04 15:25:34,859 - watchfiles.main - INFO - 1 change detected
2025-08-04 15:25:38,570 - watchfiles.main - INFO - 1 change detected
2025-08-04 15:25:45,518 - watchfiles.main - INFO - 1 change detected
2025-08-04 15:25:49,315 - watchfiles.main - INFO - 2 changes detected
2025-08-04 15:25:50,030 - watchfiles.main - INFO - 1 change detected
2025-08-04 15:25:52,653 - watchfiles.main - INFO - 1 change detected
2025-08-04 15:25:58,588 - watchfiles.main - INFO - 1 change detected
2025-08-04 15:25:59,538 - watchfiles.main - INFO - 1 change detected
2025-08-04 15:26:03,002 - watchfiles.main - INFO - 1 change detected
2025-08-04 15:26:09,639 - watchfiles.main - INFO - 1 change detected
2025-08-04 15:26:10,018 - watchfiles.main - INFO - 1 change detected
2025-08-04 15:26:12,904 - watchfiles.main - INFO - 1 change detected
2025-08-04 15:26:18,011 - watchfiles.main - INFO - 1 change detected
2025-08-04 15:26:23,691 - watchfiles.main - INFO - 1 change detected
2025-08-04 15:26:25,738 - watchfiles.main - INFO - 1 change detected
2025-08-04 15:26:28,990 - watchfiles.main - INFO - 2 changes detected
2025-08-04 15:26:29,357 - watchfiles.main - INFO - 1 change detected
2025-08-04 15:26:32,289 - watchfiles.main - INFO - 1 change detected
2025-08-04 15:26:37,918 - watchfiles.main - INFO - 1 change detected
2025-08-04 15:26:39,630 - watchfiles.main - INFO - 1 change detected
2025-08-04 15:26:43,161 - watchfiles.main - INFO - 1 change detected
2025-08-04 15:26:49,758 - watchfiles.main - INFO - 1 change detected
2025-08-04 15:26:50,127 - watchfiles.main - INFO - 1 change detected
2025-08-04 15:26:52,969 - watchfiles.main - INFO - 1 change detected
2025-08-04 15:26:55,162 - watchfiles.main - INFO - 1 change detected
2025-08-04 15:26:58,424 - watchfiles.main - INFO - 1 change detected
2025-08-04 15:27:03,546 - watchfiles.main - INFO - 1 change detected
2025-08-04 15:27:05,477 - watchfiles.main - INFO - 1 change detected
2025-08-04 15:27:05,859 - watchfiles.main - INFO - 1 change detected
2025-08-04 15:27:09,078 - watchfiles.main - INFO - 1 change detected
2025-08-04 15:27:10,394 - watchfiles.main - INFO - 1 change detected
2025-08-04 15:27:13,831 - watchfiles.main - INFO - 1 change detected
2025-08-04 15:27:18,969 - watchfiles.main - INFO - 1 change detected
2025-08-04 15:27:21,178 - watchfiles.main - INFO - 1 change detected
2025-08-04 15:27:23,903 - watchfiles.main - INFO - 2 changes detected
2025-08-04 15:27:24,675 - watchfiles.main - INFO - 1 change detected
2025-08-04 15:27:25,052 - watchfiles.main - INFO - 1 change detected
2025-08-04 15:27:27,577 - watchfiles.main - INFO - 1 change detected
2025-08-04 15:27:33,378 - watchfiles.main - INFO - 1 change detected
2025-08-04 15:27:34,999 - watchfiles.main - INFO - 1 change detected
2025-08-04 15:27:38,376 - watchfiles.main - INFO - 1 change detected
2025-08-04 15:27:46,170 - watchfiles.main - INFO - 1 change detected
2025-08-04 15:27:49,407 - watchfiles.main - INFO - 2 changes detected
2025-08-04 15:27:49,769 - watchfiles.main - INFO - 1 change detected
2025-08-04 15:27:53,179 - watchfiles.main - INFO - 1 change detected
2025-08-04 15:27:57,957 - watchfiles.main - INFO - 1 change detected
2025-08-04 15:27:59,521 - watchfiles.main - INFO - 1 change detected
2025-08-04 15:28:00,214 - watchfiles.main - INFO - 1 change detected
2025-08-04 15:28:00,579 - watchfiles.main - INFO - 1 change detected
2025-08-04 15:28:03,223 - watchfiles.main - INFO - 1 change detected
2025-08-04 15:28:08,988 - watchfiles.main - INFO - 1 change detected
2025-08-04 15:28:15,236 - watchfiles.main - INFO - 1 change detected
2025-08-04 15:28:15,603 - watchfiles.main - INFO - 1 change detected
2025-08-04 15:28:18,403 - watchfiles.main - INFO - 1 change detected
2025-08-04 15:28:21,043 - watchfiles.main - INFO - 1 change detected
2025-08-04 15:28:24,551 - watchfiles.main - INFO - 1 change detected
2025-08-04 15:28:30,212 - watchfiles.main - INFO - 1 change detected
2025-08-04 15:28:32,039 - watchfiles.main - INFO - 1 change detected
2025-08-04 15:28:35,472 - watchfiles.main - INFO - 1 change detected
2025-08-04 15:28:42,235 - watchfiles.main - INFO - 1 change detected
2025-08-04 15:28:42,605 - watchfiles.main - INFO - 1 change detected
2025-08-04 15:28:45,679 - watchfiles.main - INFO - 1 change detected
2025-08-04 15:28:50,757 - watchfiles.main - INFO - 1 change detected
2025-08-04 15:28:56,659 - watchfiles.main - INFO - 1 change detected
2025-08-04 15:28:57,494 - watchfiles.main - INFO - 1 change detected
2025-08-04 15:28:57,871 - watchfiles.main - INFO - 1 change detected
2025-08-04 15:29:00,870 - watchfiles.main - INFO - 1 change detected
2025-08-04 15:29:02,968 - watchfiles.main - INFO - 1 change detected
2025-08-04 15:29:06,218 - watchfiles.main - INFO - 1 change detected
2025-08-04 15:29:11,869 - watchfiles.main - INFO - 1 change detected
2025-08-04 15:29:14,094 - watchfiles.main - INFO - 1 change detected
2025-08-04 15:29:16,993 - watchfiles.main - INFO - 2 changes detected
2025-08-04 15:29:17,362 - watchfiles.main - INFO - 1 change detected
2025-08-04 15:29:20,301 - watchfiles.main - INFO - 1 change detected
2025-08-04 15:29:26,473 - watchfiles.main - INFO - 1 change detected
2025-08-04 15:29:28,613 - watchfiles.main - INFO - 1 change detected
2025-08-04 15:29:28,988 - watchfiles.main - INFO - 1 change detected
2025-08-04 15:29:32,102 - watchfiles.main - INFO - 1 change detected
2025-08-04 15:29:34,427 - watchfiles.main - INFO - 1 change detected
2025-08-04 15:29:37,800 - watchfiles.main - INFO - 1 change detected
2025-08-04 15:29:42,890 - watchfiles.main - INFO - 1 change detected
2025-08-04 15:29:45,280 - watchfiles.main - INFO - 1 change detected
2025-08-04 15:29:48,694 - watchfiles.main - INFO - 2 changes detected
2025-08-04 15:29:49,117 - watchfiles.main - INFO - 1 change detected
2025-08-04 15:29:52,041 - watchfiles.main - INFO - 1 change detected
2025-08-04 15:29:57,298 - watchfiles.main - INFO - 1 change detected
2025-08-04 15:29:59,490 - watchfiles.main - INFO - 1 change detected
2025-08-04 15:29:59,864 - watchfiles.main - INFO - 1 change detected
2025-08-04 15:30:03,042 - watchfiles.main - INFO - 1 change detected
2025-08-04 15:30:05,312 - watchfiles.main - INFO - 1 change detected
2025-08-04 15:30:05,685 - watchfiles.main - INFO - 1 change detected
2025-08-04 15:30:07,740 - watchfiles.main - INFO - 1 change detected
2025-08-04 15:30:13,734 - watchfiles.main - INFO - 1 change detected
2025-08-04 15:30:16,176 - watchfiles.main - INFO - 1 change detected
2025-08-04 15:30:18,508 - watchfiles.main - INFO - 2 changes detected
2025-08-04 15:30:18,883 - watchfiles.main - INFO - 1 change detected
2025-08-04 15:30:21,876 - watchfiles.main - INFO - 1 change detected
2025-08-04 15:30:27,868 - watchfiles.main - INFO - 1 change detected
2025-08-04 15:30:29,696 - watchfiles.main - INFO - 1 change detected
2025-08-04 15:30:30,058 - watchfiles.main - INFO - 1 change detected
2025-08-04 15:30:33,301 - watchfiles.main - INFO - 1 change detected
2025-08-04 15:30:35,171 - watchfiles.main - INFO - 1 change detected
2025-08-04 15:30:38,496 - watchfiles.main - INFO - 1 change detected
2025-08-04 15:30:43,392 - watchfiles.main - INFO - 1 change detected
2025-08-04 15:30:45,386 - watchfiles.main - INFO - 1 change detected
2025-08-04 15:30:48,834 - watchfiles.main - INFO - 2 changes detected
2025-08-04 15:30:49,317 - watchfiles.main - INFO - 1 change detected
2025-08-04 15:30:52,227 - watchfiles.main - INFO - 1 change detected
2025-08-04 15:30:57,903 - watchfiles.main - INFO - 1 change detected
2025-08-04 15:30:59,449 - watchfiles.main - INFO - 1 change detected
2025-08-04 15:30:59,821 - watchfiles.main - INFO - 1 change detected
2025-08-04 15:31:02,938 - watchfiles.main - INFO - 1 change detected
2025-08-04 15:31:04,842 - watchfiles.main - INFO - 1 change detected
2025-08-04 15:31:08,151 - watchfiles.main - INFO - 1 change detected
2025-08-04 15:31:13,156 - watchfiles.main - INFO - 1 change detected
2025-08-04 15:31:15,879 - watchfiles.main - INFO - 1 change detected
2025-08-04 15:31:19,140 - watchfiles.main - INFO - 2 changes detected
2025-08-04 15:31:19,512 - watchfiles.main - INFO - 1 change detected
2025-08-04 15:31:23,090 - watchfiles.main - INFO - 1 change detected
2025-08-04 15:31:27,990 - watchfiles.main - INFO - 1 change detected
2025-08-04 15:31:29,189 - watchfiles.main - INFO - 1 change detected
2025-08-04 15:31:29,559 - watchfiles.main - INFO - 1 change detected
2025-08-04 15:31:32,704 - watchfiles.main - INFO - 1 change detected
2025-08-04 15:31:35,183 - watchfiles.main - INFO - 1 change detected
2025-08-04 15:31:37,540 - watchfiles.main - INFO - 1 change detected
2025-08-04 15:31:43,345 - watchfiles.main - INFO - 1 change detected
2025-08-04 15:31:45,526 - watchfiles.main - INFO - 1 change detected
2025-08-04 15:31:48,377 - watchfiles.main - INFO - 2 changes detected
2025-08-04 15:31:52,105 - watchfiles.main - INFO - 1 change detected
2025-08-04 15:31:54,793 - watchfiles.main - INFO - 1 change detected
2025-08-04 15:31:55,163 - watchfiles.main - INFO - 1 change detected
2025-08-04 15:31:58,560 - watchfiles.main - INFO - 1 change detected
2025-08-04 15:32:00,496 - watchfiles.main - INFO - 1 change detected
2025-08-04 15:32:03,832 - watchfiles.main - INFO - 1 change detected
2025-08-04 15:32:09,061 - watchfiles.main - INFO - 1 change detected
2025-08-04 15:32:10,608 - watchfiles.main - INFO - 1 change detected
2025-08-04 15:32:14,152 - watchfiles.main - INFO - 1 change detected
2025-08-04 15:32:21,726 - watchfiles.main - INFO - 1 change detected
2025-08-04 15:32:22,095 - watchfiles.main - INFO - 1 change detected
2025-08-04 15:32:25,108 - watchfiles.main - INFO - 1 change detected
2025-08-04 15:32:27,378 - watchfiles.main - INFO - 1 change detected
2025-08-04 15:32:30,155 - watchfiles.main - INFO - 1 change detected
2025-08-04 15:32:35,798 - watchfiles.main - INFO - 1 change detected
2025-08-04 15:32:36,995 - watchfiles.main - INFO - 1 change detected
2025-08-04 15:32:40,513 - watchfiles.main - INFO - 1 change detected
2025-08-04 15:32:47,898 - watchfiles.main - INFO - 1 change detected
2025-08-04 15:32:51,586 - watchfiles.main - INFO - 2 changes detected
2025-08-04 15:32:51,956 - watchfiles.main - INFO - 1 change detected
2025-08-04 15:32:54,798 - watchfiles.main - INFO - 1 change detected
2025-08-04 15:33:00,012 - watchfiles.main - INFO - 1 change detected
2025-08-04 15:33:01,978 - watchfiles.main - INFO - 1 change detected
2025-08-04 15:33:05,676 - watchfiles.main - INFO - 1 change detected
2025-08-04 15:33:13,033 - watchfiles.main - INFO - 1 change detected
2025-08-04 15:33:13,412 - watchfiles.main - INFO - 1 change detected
2025-08-04 15:33:16,643 - watchfiles.main - INFO - 1 change detected
2025-08-04 15:33:18,549 - watchfiles.main - INFO - 1 change detected
2025-08-04 15:33:22,088 - watchfiles.main - INFO - 1 change detected
2025-08-04 15:33:26,775 - watchfiles.main - INFO - 1 change detected
2025-08-04 15:33:28,207 - watchfiles.main - INFO - 1 change detected
2025-08-04 15:33:32,236 - watchfiles.main - INFO - 1 change detected
2025-08-04 15:33:38,759 - watchfiles.main - INFO - 1 change detected
2025-08-04 15:33:42,341 - watchfiles.main - INFO - 1 change detected
2025-08-04 15:33:57,746 - watchfiles.main - INFO - 1 change detected
2025-08-04 15:33:58,112 - watchfiles.main - INFO - 1 change detected
2025-08-04 15:33:58,479 - watchfiles.main - INFO - 1 change detected
2025-08-04 15:34:01,103 - watchfiles.main - INFO - 1 change detected
2025-08-04 15:34:03,755 - watchfiles.main - INFO - 1 change detected
2025-08-04 15:34:07,555 - watchfiles.main - INFO - 1 change detected
2025-08-04 15:34:11,885 - watchfiles.main - INFO - 1 change detected
2025-08-04 15:34:13,882 - watchfiles.main - INFO - 1 change detected
2025-08-04 15:34:14,251 - watchfiles.main - INFO - 1 change detected
2025-08-04 15:34:17,424 - watchfiles.main - INFO - 1 change detected
2025-08-04 15:34:19,030 - watchfiles.main - INFO - 1 change detected
2025-08-04 15:34:22,386 - watchfiles.main - INFO - 1 change detected
2025-08-04 15:34:27,272 - watchfiles.main - INFO - 1 change detected
2025-08-04 15:34:29,760 - watchfiles.main - INFO - 1 change detected
2025-08-04 15:34:33,357 - watchfiles.main - INFO - 1 change detected
2025-08-04 15:34:40,611 - watchfiles.main - INFO - 1 change detected
2025-08-04 15:34:44,292 - watchfiles.main - INFO - 1 change detected
2025-08-04 15:35:01,700 - watchfiles.main - INFO - 1 change detected
2025-08-04 15:35:02,066 - watchfiles.main - INFO - 1 change detected
2025-08-04 15:35:05,069 - watchfiles.main - INFO - 1 change detected
2025-08-04 15:35:07,575 - watchfiles.main - INFO - 1 change detected
2025-08-04 15:35:10,802 - watchfiles.main - INFO - 1 change detected
2025-08-04 15:35:15,883 - watchfiles.main - INFO - 1 change detected
2025-08-04 15:35:17,899 - watchfiles.main - INFO - 1 change detected
2025-08-04 15:35:18,272 - watchfiles.main - INFO - 1 change detected
2025-08-04 15:35:21,045 - watchfiles.main - INFO - 1 change detected
2025-08-04 15:35:23,601 - watchfiles.main - INFO - 1 change detected
2025-08-04 15:35:26,790 - watchfiles.main - INFO - 1 change detected
2025-08-04 15:35:31,736 - watchfiles.main - INFO - 1 change detected
2025-08-04 15:35:33,051 - watchfiles.main - INFO - 1 change detected
2025-08-04 15:35:36,594 - watchfiles.main - INFO - 1 change detected
2025-08-04 15:35:44,103 - watchfiles.main - INFO - 1 change detected
2025-08-04 15:35:44,477 - watchfiles.main - INFO - 1 change detected
2025-08-04 15:35:47,477 - watchfiles.main - INFO - 1 change detected
2025-08-04 15:35:49,585 - watchfiles.main - INFO - 1 change detected
2025-08-04 15:35:49,959 - watchfiles.main - INFO - 1 change detected
2025-08-04 15:35:52,627 - watchfiles.main - INFO - 1 change detected
2025-08-04 15:35:58,460 - watchfiles.main - INFO - 1 change detected
2025-08-04 15:36:00,371 - watchfiles.main - INFO - 1 change detected
2025-08-04 15:36:03,850 - watchfiles.main - INFO - 1 change detected
2025-08-04 15:36:09,696 - watchfiles.main - INFO - 1 change detected
2025-08-04 15:36:13,180 - watchfiles.main - INFO - 1 change detected
2025-08-04 15:36:29,944 - watchfiles.main - INFO - 1 change detected
2025-08-04 15:36:30,314 - watchfiles.main - INFO - 1 change detected
2025-08-04 15:36:30,682 - watchfiles.main - INFO - 1 change detected
2025-08-04 15:36:33,329 - watchfiles.main - INFO - 1 change detected
2025-08-04 15:36:35,460 - watchfiles.main - INFO - 1 change detected
2025-08-04 15:36:38,729 - watchfiles.main - INFO - 1 change detected
2025-08-04 15:36:44,397 - watchfiles.main - INFO - 1 change detected
2025-08-04 15:36:46,167 - watchfiles.main - INFO - 1 change detected
2025-08-04 15:36:49,889 - watchfiles.main - INFO - 2 changes detected
2025-08-04 15:36:50,257 - watchfiles.main - INFO - 1 change detected
2025-08-04 15:36:53,085 - watchfiles.main - INFO - 1 change detected
2025-08-04 15:36:59,215 - watchfiles.main - INFO - 1 change detected
2025-08-04 15:37:00,149 - watchfiles.main - INFO - 1 change detected
2025-08-04 15:37:03,565 - watchfiles.main - INFO - 1 change detected
2025-08-04 15:37:11,061 - watchfiles.main - INFO - 1 change detected
2025-08-04 15:37:14,622 - watchfiles.main - INFO - 1 change detected
2025-08-04 15:37:29,786 - watchfiles.main - INFO - 1 change detected
2025-08-04 15:37:30,155 - watchfiles.main - INFO - 1 change detected
2025-08-04 15:37:33,292 - watchfiles.main - INFO - 1 change detected
2025-08-04 15:37:35,621 - watchfiles.main - INFO - 1 change detected
2025-08-04 15:37:38,774 - watchfiles.main - INFO - 1 change detected
2025-08-04 15:37:44,424 - watchfiles.main - INFO - 1 change detected
2025-08-04 15:37:45,871 - watchfiles.main - INFO - 1 change detected
2025-08-04 15:37:46,241 - watchfiles.main - INFO - 1 change detected
2025-08-04 15:37:49,644 - watchfiles.main - INFO - 1 change detected
2025-08-04 15:37:51,646 - watchfiles.main - INFO - 1 change detected
2025-08-04 15:37:54,648 - watchfiles.main - INFO - 1 change detected
2025-08-04 15:38:00,284 - watchfiles.main - INFO - 1 change detected
2025-08-04 15:38:01,758 - watchfiles.main - INFO - 1 change detected
2025-08-04 15:38:05,109 - watchfiles.main - INFO - 1 change detected
2025-08-04 15:38:11,771 - watchfiles.main - INFO - 1 change detected
2025-08-04 15:38:12,141 - watchfiles.main - INFO - 1 change detected
2025-08-04 15:38:15,299 - watchfiles.main - INFO - 1 change detected
2025-08-04 15:38:20,232 - watchfiles.main - INFO - 1 change detected
2025-08-04 15:38:26,090 - watchfiles.main - INFO - 1 change detected
2025-08-04 15:38:28,332 - watchfiles.main - INFO - 1 change detected
2025-08-04 15:38:28,709 - watchfiles.main - INFO - 1 change detected
2025-08-04 15:38:31,144 - watchfiles.main - INFO - 1 change detected
2025-08-04 15:38:33,269 - watchfiles.main - INFO - 1 change detected
2025-08-04 15:38:33,641 - watchfiles.main - INFO - 1 change detected
2025-08-04 15:38:36,529 - watchfiles.main - INFO - 1 change detected
2025-08-04 15:38:41,766 - watchfiles.main - INFO - 1 change detected
2025-08-04 15:38:43,841 - watchfiles.main - INFO - 1 change detected
2025-08-04 15:38:46,953 - watchfiles.main - INFO - 2 changes detected
2025-08-04 15:38:47,599 - watchfiles.main - INFO - 1 change detected
2025-08-04 15:38:47,978 - watchfiles.main - INFO - 1 change detected
2025-08-04 15:38:50,492 - watchfiles.main - INFO - 1 change detected
2025-08-04 15:38:56,532 - watchfiles.main - INFO - 1 change detected
2025-08-04 15:38:58,360 - watchfiles.main - INFO - 1 change detected
2025-08-04 15:39:01,870 - watchfiles.main - INFO - 1 change detected
2025-08-04 15:39:08,109 - watchfiles.main - INFO - 1 change detected
2025-08-04 15:39:12,121 - watchfiles.main - INFO - 1 change detected
2025-08-04 15:39:28,876 - watchfiles.main - INFO - 1 change detected
2025-08-04 15:39:29,246 - watchfiles.main - INFO - 1 change detected
2025-08-04 15:39:32,615 - watchfiles.main - INFO - 1 change detected
2025-08-04 15:39:34,763 - watchfiles.main - INFO - 1 change detected
2025-08-04 15:39:35,139 - watchfiles.main - INFO - 1 change detected
2025-08-04 15:39:38,105 - watchfiles.main - INFO - 1 change detected
2025-08-04 15:39:43,770 - watchfiles.main - INFO - 1 change detected
2025-08-04 15:39:45,275 - watchfiles.main - INFO - 1 change detected
2025-08-04 15:39:48,551 - watchfiles.main - INFO - 2 changes detected
2025-08-04 15:39:49,253 - watchfiles.main - INFO - 1 change detected
2025-08-04 15:39:51,987 - watchfiles.main - INFO - 1 change detected
2025-08-04 15:39:58,319 - watchfiles.main - INFO - 1 change detected
2025-08-04 15:39:59,717 - watchfiles.main - INFO - 1 change detected
2025-08-04 15:40:00,478 - watchfiles.main - INFO - 1 change detected
2025-08-04 15:40:03,304 - watchfiles.main - INFO - 1 change detected
2025-08-04 15:40:09,161 - watchfiles.main - INFO - 1 change detected
2025-08-04 15:40:16,815 - watchfiles.main - INFO - 1 change detected
2025-08-04 15:40:17,177 - watchfiles.main - INFO - 1 change detected
2025-08-04 15:40:20,204 - watchfiles.main - INFO - 1 change detected
2025-08-04 15:40:22,260 - watchfiles.main - INFO - 1 change detected
2025-08-04 15:40:22,635 - watchfiles.main - INFO - 1 change detected
2025-08-04 15:40:25,445 - watchfiles.main - INFO - 1 change detected
2025-08-04 15:40:30,426 - watchfiles.main - INFO - 1 change detected
2025-08-04 15:40:32,228 - watchfiles.main - INFO - 1 change detected
2025-08-04 15:40:35,824 - watchfiles.main - INFO - 1 change detected
2025-08-04 15:40:43,257 - watchfiles.main - INFO - 1 change detected
2025-08-04 15:40:46,705 - watchfiles.main - INFO - 2 changes detected
2025-08-04 15:40:47,336 - watchfiles.main - INFO - 1 change detected
2025-08-04 15:40:47,702 - watchfiles.main - INFO - 1 change detected
2025-08-04 15:40:50,224 - watchfiles.main - INFO - 1 change detected
2025-08-04 15:40:55,448 - watchfiles.main - INFO - 1 change detected
2025-08-04 15:40:57,281 - watchfiles.main - INFO - 1 change detected
2025-08-04 15:41:00,951 - watchfiles.main - INFO - 1 change detected
2025-08-04 15:41:06,656 - watchfiles.main - INFO - 1 change detected
2025-08-04 15:41:10,269 - watchfiles.main - INFO - 1 change detected
2025-08-04 15:41:25,453 - watchfiles.main - INFO - 1 change detected
2025-08-04 15:41:25,815 - watchfiles.main - INFO - 1 change detected
2025-08-04 15:41:28,860 - watchfiles.main - INFO - 1 change detected
2025-08-04 15:41:30,493 - watchfiles.main - INFO - 1 change detected
2025-08-04 15:41:33,815 - watchfiles.main - INFO - 1 change detected
2025-08-04 15:41:39,483 - watchfiles.main - INFO - 1 change detected
2025-08-04 15:41:41,388 - watchfiles.main - INFO - 1 change detected
2025-08-04 15:41:41,755 - watchfiles.main - INFO - 1 change detected
2025-08-04 15:41:44,894 - watchfiles.main - INFO - 1 change detected
2025-08-04 15:41:50,563 - watchfiles.main - INFO - 1 change detected
2025-08-04 15:41:55,218 - watchfiles.main - INFO - 1 change detected
2025-08-04 15:41:57,496 - watchfiles.main - INFO - 1 change detected
2025-08-04 15:41:57,867 - watchfiles.main - INFO - 1 change detected
2025-08-04 15:42:01,062 - watchfiles.main - INFO - 1 change detected
2025-08-04 15:42:02,509 - watchfiles.main - INFO - 1 change detected
2025-08-04 15:42:06,054 - watchfiles.main - INFO - 1 change detected
2025-08-04 15:42:10,975 - watchfiles.main - INFO - 1 change detected
2025-08-04 15:42:13,596 - watchfiles.main - INFO - 1 change detected
2025-08-04 15:42:17,059 - watchfiles.main - INFO - 2 changes detected
2025-08-04 15:42:17,436 - watchfiles.main - INFO - 1 change detected
2025-08-04 15:42:20,691 - watchfiles.main - INFO - 1 change detected
2025-08-04 15:42:25,876 - watchfiles.main - INFO - 1 change detected
2025-08-04 15:42:28,202 - watchfiles.main - INFO - 1 change detected
2025-08-04 15:42:31,772 - watchfiles.main - INFO - 1 change detected
2025-08-04 15:42:38,094 - watchfiles.main - INFO - 1 change detected
2025-08-04 15:42:41,635 - watchfiles.main - INFO - 1 change detected
2025-08-04 15:42:59,095 - watchfiles.main - INFO - 1 change detected
2025-08-04 15:42:59,474 - watchfiles.main - INFO - 1 change detected
2025-08-04 15:42:59,846 - watchfiles.main - INFO - 1 change detected
2025-08-04 15:43:02,671 - watchfiles.main - INFO - 1 change detected
2025-08-04 15:43:04,497 - watchfiles.main - INFO - 1 change detected
2025-08-04 15:43:04,867 - watchfiles.main - INFO - 1 change detected
2025-08-04 15:43:07,657 - watchfiles.main - INFO - 1 change detected
2025-08-04 15:43:13,427 - watchfiles.main - INFO - 1 change detected
2025-08-04 15:43:15,376 - watchfiles.main - INFO - 1 change detected
2025-08-04 15:43:18,277 - watchfiles.main - INFO - 2 changes detected
2025-08-04 15:43:18,635 - watchfiles.main - INFO - 1 change detected
2025-08-04 15:43:21,877 - watchfiles.main - INFO - 1 change detected
2025-08-04 15:43:27,691 - watchfiles.main - INFO - 1 change detected
2025-08-04 15:43:28,869 - watchfiles.main - INFO - 1 change detected
2025-08-04 15:43:32,425 - watchfiles.main - INFO - 1 change detected
2025-08-04 15:43:39,235 - watchfiles.main - INFO - 1 change detected
2025-08-04 15:43:42,897 - watchfiles.main - INFO - 1 change detected
2025-08-04 15:44:00,143 - watchfiles.main - INFO - 1 change detected
2025-08-04 15:44:00,514 - watchfiles.main - INFO - 1 change detected
2025-08-04 15:44:00,887 - watchfiles.main - INFO - 1 change detected
2025-08-04 15:44:03,619 - watchfiles.main - INFO - 1 change detected
2025-08-04 15:44:05,906 - watchfiles.main - INFO - 1 change detected
2025-08-04 15:44:09,101 - watchfiles.main - INFO - 1 change detected
2025-08-04 15:44:14,043 - watchfiles.main - INFO - 1 change detected
2025-08-04 15:44:17,235 - watchfiles.main - INFO - 1 change detected
2025-08-04 15:44:20,798 - watchfiles.main - INFO - 2 changes detected
2025-08-04 15:44:21,165 - watchfiles.main - INFO - 1 change detected
2025-08-04 15:44:24,113 - watchfiles.main - INFO - 1 change detected
2025-08-04 15:44:29,746 - watchfiles.main - INFO - 1 change detected
2025-08-04 15:44:30,811 - watchfiles.main - INFO - 1 change detected
2025-08-04 15:44:31,699 - watchfiles.main - INFO - 1 change detected
2025-08-04 15:44:34,532 - watchfiles.main - INFO - 1 change detected
2025-08-04 15:44:39,758 - watchfiles.main - INFO - 1 change detected
2025-08-04 15:44:46,188 - watchfiles.main - INFO - 1 change detected
2025-08-04 15:44:49,617 - watchfiles.main - INFO - 2 changes detected
2025-08-04 15:44:50,366 - watchfiles.main - INFO - 1 change detected
2025-08-04 15:44:53,606 - watchfiles.main - INFO - 1 change detected
2025-08-04 15:44:58,623 - watchfiles.main - INFO - 1 change detected
2025-08-04 15:45:00,707 - watchfiles.main - INFO - 1 change detected
2025-08-04 15:45:01,083 - watchfiles.main - INFO - 1 change detected
2025-08-04 15:45:04,184 - watchfiles.main - INFO - 1 change detected
2025-08-04 15:45:05,983 - watchfiles.main - INFO - 1 change detected
2025-08-04 15:45:09,351 - watchfiles.main - INFO - 1 change detected
2025-08-04 15:45:14,334 - watchfiles.main - INFO - 1 change detected
2025-08-04 15:45:16,617 - watchfiles.main - INFO - 1 change detected
2025-08-04 15:45:19,993 - watchfiles.main - INFO - 2 changes detected
2025-08-04 15:45:23,348 - watchfiles.main - INFO - 1 change detected
2025-08-04 15:45:26,078 - watchfiles.main - INFO - 1 change detected
2025-08-04 15:45:29,471 - watchfiles.main - INFO - 1 change detected
2025-08-04 15:45:37,223 - watchfiles.main - INFO - 1 change detected
2025-08-04 15:45:41,076 - watchfiles.main - INFO - 1 change detected
2025-08-04 15:45:55,597 - watchfiles.main - INFO - 1 change detected
2025-08-04 15:45:55,969 - watchfiles.main - INFO - 1 change detected
2025-08-04 15:45:59,012 - watchfiles.main - INFO - 1 change detected
2025-08-04 15:46:01,140 - watchfiles.main - INFO - 1 change detected
2025-08-04 15:46:01,508 - watchfiles.main - INFO - 1 change detected
2025-08-04 15:46:04,506 - watchfiles.main - INFO - 1 change detected
2025-08-04 15:46:09,451 - watchfiles.main - INFO - 1 change detected
2025-08-04 15:46:11,284 - watchfiles.main - INFO - 1 change detected
2025-08-04 15:46:11,662 - watchfiles.main - INFO - 1 change detected
2025-08-04 15:46:14,733 - watchfiles.main - INFO - 1 change detected
2025-08-04 15:46:20,401 - watchfiles.main - INFO - 1 change detected
2025-08-04 15:46:25,377 - watchfiles.main - INFO - 1 change detected
2025-08-04 15:46:27,398 - watchfiles.main - INFO - 1 change detected
2025-08-04 15:46:30,808 - watchfiles.main - INFO - 2 changes detected
2025-08-04 15:46:34,248 - watchfiles.main - INFO - 1 change detected
2025-08-04 15:46:36,632 - watchfiles.main - INFO - 1 change detected
2025-08-04 15:46:40,010 - watchfiles.main - INFO - 1 change detected
2025-08-04 15:46:46,055 - watchfiles.main - INFO - 1 change detected
2025-08-04 15:46:46,422 - watchfiles.main - INFO - 1 change detected
2025-08-04 15:46:49,361 - watchfiles.main - INFO - 1 change detected
2025-08-04 15:46:51,257 - watchfiles.main - INFO - 1 change detected
2025-08-04 15:46:54,529 - watchfiles.main - INFO - 1 change detected
2025-08-04 15:47:00,200 - watchfiles.main - INFO - 1 change detected
2025-08-04 15:47:01,516 - watchfiles.main - INFO - 1 change detected
2025-08-04 15:47:05,071 - watchfiles.main - INFO - 1 change detected
2025-08-04 15:47:12,197 - watchfiles.main - INFO - 1 change detected
2025-08-04 15:47:15,815 - watchfiles.main - INFO - 1 change detected
2025-08-04 15:47:34,116 - watchfiles.main - INFO - 1 change detected
2025-08-04 15:47:37,608 - watchfiles.main - INFO - 2 changes detected
2025-08-04 15:47:41,248 - watchfiles.main - INFO - 1 change detected
2025-08-04 15:47:43,554 - watchfiles.main - INFO - 1 change detected
2025-08-04 15:47:47,480 - watchfiles.main - INFO - 2 changes detected
2025-08-04 15:47:48,137 - watchfiles.main - INFO - 1 change detected
2025-08-04 15:47:48,504 - watchfiles.main - INFO - 1 change detected
2025-08-04 15:47:50,936 - watchfiles.main - INFO - 1 change detected
2025-08-04 15:47:56,614 - watchfiles.main - INFO - 1 change detected
2025-08-04 15:47:58,619 - watchfiles.main - INFO - 1 change detected
2025-08-04 15:48:02,199 - watchfiles.main - INFO - 1 change detected
2025-08-04 15:48:08,490 - watchfiles.main - INFO - 1 change detected
2025-08-04 15:48:08,860 - watchfiles.main - INFO - 1 change detected
2025-08-04 15:48:12,128 - watchfiles.main - INFO - 1 change detected
2025-08-04 15:48:17,873 - watchfiles.main - INFO - 1 change detected
2025-08-04 15:48:22,779 - watchfiles.main - INFO - 1 change detected
2025-08-04 15:48:25,693 - watchfiles.main - INFO - 1 change detected
2025-08-04 15:48:26,063 - watchfiles.main - INFO - 1 change detected
2025-08-04 15:48:29,038 - watchfiles.main - INFO - 1 change detected
2025-08-04 15:48:31,071 - watchfiles.main - INFO - 1 change detected
2025-08-04 15:48:31,440 - watchfiles.main - INFO - 1 change detected
2025-08-04 15:48:34,173 - watchfiles.main - INFO - 1 change detected
2025-08-04 15:48:39,928 - watchfiles.main - INFO - 1 change detected
2025-08-04 15:48:41,356 - watchfiles.main - INFO - 1 change detected
2025-08-04 15:48:42,158 - watchfiles.main - INFO - 1 change detected
2025-08-04 15:48:44,906 - watchfiles.main - INFO - 1 change detected
2025-08-04 15:48:50,546 - watchfiles.main - INFO - 1 change detected
2025-08-04 15:48:57,052 - watchfiles.main - INFO - 1 change detected
2025-08-04 15:48:57,412 - watchfiles.main - INFO - 1 change detected
2025-08-04 15:49:00,308 - watchfiles.main - INFO - 1 change detected
2025-08-04 15:49:02,570 - watchfiles.main - INFO - 1 change detected
2025-08-04 15:49:06,087 - watchfiles.main - INFO - 1 change detected
2025-08-04 15:49:11,279 - watchfiles.main - INFO - 1 change detected
2025-08-04 15:49:13,438 - watchfiles.main - INFO - 1 change detected
2025-08-04 15:49:13,800 - watchfiles.main - INFO - 1 change detected
2025-08-04 15:49:16,904 - watchfiles.main - INFO - 1 change detected
2025-08-04 15:49:19,175 - watchfiles.main - INFO - 1 change detected
2025-08-04 15:49:21,837 - watchfiles.main - INFO - 1 change detected
2025-08-04 15:49:27,491 - watchfiles.main - INFO - 1 change detected
2025-08-04 15:49:28,855 - watchfiles.main - INFO - 1 change detected
2025-08-04 15:49:29,390 - watchfiles.main - INFO - 1 change detected
2025-08-04 15:49:29,765 - watchfiles.main - INFO - 1 change detected
2025-08-04 15:49:32,409 - watchfiles.main - INFO - 1 change detected
2025-08-04 15:49:38,053 - watchfiles.main - INFO - 1 change detected
2025-08-04 15:49:44,363 - watchfiles.main - INFO - 1 change detected
2025-08-04 15:49:44,733 - watchfiles.main - INFO - 1 change detected
2025-08-04 15:49:47,663 - watchfiles.main - INFO - 1 change detected
2025-08-04 15:49:49,864 - watchfiles.main - INFO - 1 change detected
2025-08-04 15:49:50,237 - watchfiles.main - INFO - 1 change detected
2025-08-04 15:49:52,953 - watchfiles.main - INFO - 1 change detected
2025-08-04 15:49:57,975 - watchfiles.main - INFO - 1 change detected
2025-08-04 15:50:00,361 - watchfiles.main - INFO - 1 change detected
2025-08-04 15:50:03,985 - watchfiles.main - INFO - 1 change detected
2025-08-04 15:50:10,448 - watchfiles.main - INFO - 1 change detected
2025-08-04 15:50:14,032 - watchfiles.main - INFO - 1 change detected
2025-08-04 15:50:31,026 - watchfiles.main - INFO - 1 change detected
2025-08-04 15:50:31,402 - watchfiles.main - INFO - 1 change detected
2025-08-04 15:50:34,475 - watchfiles.main - INFO - 1 change detected
2025-08-04 15:50:36,079 - watchfiles.main - INFO - 1 change detected
2025-08-04 15:50:39,700 - watchfiles.main - INFO - 1 change detected
2025-08-04 15:50:44,569 - watchfiles.main - INFO - 1 change detected
2025-08-04 15:50:46,787 - watchfiles.main - INFO - 1 change detected
2025-08-04 15:50:50,339 - watchfiles.main - INFO - 2 changes detected
2025-08-04 15:50:50,702 - watchfiles.main - INFO - 1 change detected
2025-08-04 15:50:53,865 - watchfiles.main - INFO - 1 change detected
2025-08-04 15:50:59,030 - watchfiles.main - INFO - 1 change detected
2025-08-04 15:51:00,756 - watchfiles.main - INFO - 1 change detected
2025-08-04 15:51:04,377 - watchfiles.main - INFO - 1 change detected
2025-08-04 15:51:11,153 - watchfiles.main - INFO - 1 change detected
2025-08-04 15:51:14,932 - watchfiles.main - INFO - 1 change detected
2025-08-04 15:51:32,596 - watchfiles.main - INFO - 1 change detected
2025-08-04 15:51:32,956 - watchfiles.main - INFO - 1 change detected
2025-08-04 15:51:36,134 - watchfiles.main - INFO - 1 change detected
2025-08-04 15:51:38,055 - watchfiles.main - INFO - 1 change detected
2025-08-04 15:51:41,783 - watchfiles.main - INFO - 1 change detected
2025-08-04 15:51:46,800 - watchfiles.main - INFO - 1 change detected
2025-08-04 15:51:48,982 - watchfiles.main - INFO - 1 change detected
2025-08-04 15:51:52,595 - watchfiles.main - INFO - 2 changes detected
2025-08-04 15:51:53,249 - watchfiles.main - INFO - 1 change detected
2025-08-04 15:51:53,625 - watchfiles.main - INFO - 1 change detected
2025-08-04 15:51:56,324 - watchfiles.main - INFO - 1 change detected
2025-08-04 15:52:01,993 - watchfiles.main - INFO - 1 change detected
2025-08-04 15:52:03,568 - watchfiles.main - INFO - 1 change detected
2025-08-04 15:52:04,043 - watchfiles.main - INFO - 1 change detected
2025-08-04 15:52:06,948 - watchfiles.main - INFO - 1 change detected
2025-08-04 15:52:12,601 - watchfiles.main - INFO - 1 change detected
2025-08-04 15:52:19,713 - watchfiles.main - INFO - 1 change detected
2025-08-04 15:52:20,080 - watchfiles.main - INFO - 1 change detected
2025-08-04 15:52:23,047 - watchfiles.main - INFO - 1 change detected
2025-08-04 15:52:24,670 - watchfiles.main - INFO - 1 change detected
2025-08-04 15:52:28,269 - watchfiles.main - INFO - 1 change detected
2025-08-04 15:52:33,913 - watchfiles.main - INFO - 1 change detected
2025-08-04 15:52:35,345 - watchfiles.main - INFO - 1 change detected
2025-08-04 15:52:38,639 - watchfiles.main - INFO - 1 change detected
2025-08-04 15:52:46,568 - watchfiles.main - INFO - 1 change detected
2025-08-04 15:52:49,925 - watchfiles.main - INFO - 2 changes detected
2025-08-04 15:52:50,295 - watchfiles.main - INFO - 1 change detected
2025-08-04 15:52:53,235 - watchfiles.main - INFO - 1 change detected
2025-08-04 15:52:59,375 - watchfiles.main - INFO - 1 change detected
2025-08-04 15:53:01,326 - watchfiles.main - INFO - 1 change detected
2025-08-04 15:53:04,667 - watchfiles.main - INFO - 1 change detected
2025-08-04 15:53:11,566 - watchfiles.main - INFO - 1 change detected
2025-08-04 15:53:15,230 - watchfiles.main - INFO - 1 change detected
2025-08-04 15:53:33,566 - watchfiles.main - INFO - 1 change detected
2025-08-04 15:53:37,385 - watchfiles.main - INFO - 2 changes detected
2025-08-04 15:53:38,147 - watchfiles.main - INFO - 1 change detected
2025-08-04 15:53:38,513 - watchfiles.main - INFO - 1 change detected
2025-08-04 15:53:41,033 - watchfiles.main - INFO - 1 change detected
2025-08-04 15:53:46,695 - watchfiles.main - INFO - 1 change detected
2025-08-04 15:53:48,801 - watchfiles.main - INFO - 1 change detected
2025-08-04 15:53:52,398 - watchfiles.main - INFO - 2 changes detected
2025-08-04 15:53:52,754 - watchfiles.main - INFO - 1 change detected
2025-08-04 15:53:55,999 - watchfiles.main - INFO - 1 change detected
2025-08-04 15:54:01,303 - watchfiles.main - INFO - 1 change detected
2025-08-04 15:54:02,109 - watchfiles.main - INFO - 1 change detected
2025-08-04 15:54:05,549 - watchfiles.main - INFO - 1 change detected
2025-08-04 15:54:13,350 - watchfiles.main - INFO - 1 change detected
2025-08-04 15:54:16,784 - watchfiles.main - INFO - 2 changes detected
2025-08-04 15:54:20,218 - watchfiles.main - INFO - 1 change detected
2025-08-04 15:54:22,510 - watchfiles.main - INFO - 1 change detected
2025-08-04 15:54:26,345 - watchfiles.main - INFO - 1 change detected
2025-08-04 15:54:32,782 - watchfiles.main - INFO - 1 change detected
2025-08-04 15:54:36,674 - watchfiles.main - INFO - 1 change detected
2025-08-04 15:54:53,332 - watchfiles.main - INFO - 1 change detected
2025-08-04 15:54:56,895 - watchfiles.main - INFO - 2 changes detected
2025-08-04 15:54:57,600 - watchfiles.main - INFO - 1 change detected
2025-08-04 15:54:57,970 - watchfiles.main - INFO - 1 change detected
2025-08-04 15:55:00,325 - watchfiles.main - INFO - 1 change detected
2025-08-04 15:55:06,349 - watchfiles.main - INFO - 1 change detected
2025-08-04 15:55:07,877 - watchfiles.main - INFO - 1 change detected
2025-08-04 15:55:11,348 - watchfiles.main - INFO - 1 change detected
2025-08-04 15:55:19,651 - watchfiles.main - INFO - 1 change detected
2025-08-04 15:55:20,030 - watchfiles.main - INFO - 1 change detected
2025-08-04 15:55:23,317 - watchfiles.main - INFO - 1 change detected
2025-08-04 15:55:25,385 - watchfiles.main - INFO - 1 change detected
2025-08-04 15:55:28,377 - watchfiles.main - INFO - 1 change detected
2025-08-04 15:55:33,419 - watchfiles.main - INFO - 1 change detected
2025-08-04 15:55:35,785 - watchfiles.main - INFO - 1 change detected
2025-08-04 15:55:39,206 - watchfiles.main - INFO - 1 change detected
2025-08-04 15:55:46,335 - watchfiles.main - INFO - 1 change detected
2025-08-04 15:55:46,698 - watchfiles.main - INFO - 1 change detected
2025-08-04 15:55:50,043 - watchfiles.main - INFO - 1 change detected
2025-08-04 15:55:51,598 - watchfiles.main - INFO - 1 change detected
2025-08-04 15:55:54,864 - watchfiles.main - INFO - 1 change detected
2025-08-04 15:55:59,976 - watchfiles.main - INFO - 1 change detected
2025-08-04 15:56:01,394 - watchfiles.main - INFO - 1 change detected
2025-08-04 15:56:01,759 - watchfiles.main - INFO - 1 change detected
2025-08-04 15:56:05,270 - watchfiles.main - INFO - 1 change detected
2025-08-04 15:56:06,705 - watchfiles.main - INFO - 1 change detected
2025-08-04 15:56:10,246 - watchfiles.main - INFO - 1 change detected
2025-08-04 15:56:15,904 - watchfiles.main - INFO - 1 change detected
2025-08-04 15:56:17,490 - watchfiles.main - INFO - 1 change detected
2025-08-04 15:56:17,859 - watchfiles.main - INFO - 1 change detected
2025-08-04 15:56:21,099 - watchfiles.main - INFO - 1 change detected
2025-08-04 15:56:22,549 - watchfiles.main - INFO - 1 change detected
2025-08-04 15:56:26,185 - watchfiles.main - INFO - 1 change detected
2025-08-04 15:56:31,040 - watchfiles.main - INFO - 1 change detected
2025-08-04 15:56:32,568 - watchfiles.main - INFO - 1 change detected
2025-08-04 15:56:32,933 - watchfiles.main - INFO - 1 change detected
2025-08-04 15:56:36,038 - watchfiles.main - INFO - 1 change detected
2025-08-04 15:56:38,151 - watchfiles.main - INFO - 1 change detected
2025-08-04 15:56:41,419 - watchfiles.main - INFO - 1 change detected
2025-08-04 15:56:46,445 - watchfiles.main - INFO - 1 change detected
2025-08-04 15:56:48,588 - watchfiles.main - INFO - 1 change detected
2025-08-04 15:56:48,956 - watchfiles.main - INFO - 1 change detected
2025-08-04 15:56:52,069 - watchfiles.main - INFO - 1 change detected
2025-08-04 15:56:54,180 - watchfiles.main - INFO - 1 change detected
2025-08-04 15:56:57,354 - watchfiles.main - INFO - 1 change detected
2025-08-04 15:57:03,014 - watchfiles.main - INFO - 1 change detected
2025-08-04 15:57:03,834 - watchfiles.main - INFO - 1 change detected
2025-08-04 15:57:07,452 - watchfiles.main - INFO - 1 change detected
2025-08-04 15:57:14,897 - watchfiles.main - INFO - 1 change detected
2025-08-04 15:57:18,346 - watchfiles.main - INFO - 2 changes detected
2025-08-04 15:57:21,829 - watchfiles.main - INFO - 1 change detected
2025-08-04 15:57:24,436 - watchfiles.main - INFO - 1 change detected
2025-08-04 15:57:28,330 - watchfiles.main - INFO - 1 change detected
2025-08-04 15:57:35,663 - watchfiles.main - INFO - 1 change detected
2025-08-04 15:57:39,353 - watchfiles.main - INFO - 1 change detected
2025-08-04 15:57:54,445 - watchfiles.main - INFO - 1 change detected
2025-08-04 15:57:54,819 - watchfiles.main - INFO - 1 change detected
2025-08-04 15:57:55,193 - watchfiles.main - INFO - 1 change detected
2025-08-04 15:57:58,034 - watchfiles.main - INFO - 1 change detected
2025-08-04 15:57:59,510 - watchfiles.main - INFO - 1 change detected
2025-08-04 15:58:03,281 - watchfiles.main - INFO - 1 change detected
2025-08-04 15:58:07,740 - watchfiles.main - INFO - 1 change detected
2025-08-04 15:58:10,179 - watchfiles.main - INFO - 1 change detected
2025-08-04 15:58:10,548 - watchfiles.main - INFO - 1 change detected
2025-08-04 15:58:13,485 - watchfiles.main - INFO - 1 change detected
2025-08-04 15:58:19,167 - watchfiles.main - INFO - 1 change detected
2025-08-04 15:58:24,000 - watchfiles.main - INFO - 1 change detected
2025-08-04 15:58:26,016 - watchfiles.main - INFO - 1 change detected
2025-08-04 15:58:29,467 - watchfiles.main - INFO - 2 changes detected
2025-08-04 15:58:29,838 - watchfiles.main - INFO - 1 change detected
2025-08-04 15:58:33,155 - watchfiles.main - INFO - 1 change detected
2025-08-04 15:58:37,952 - watchfiles.main - INFO - 1 change detected
2025-08-04 15:58:39,838 - watchfiles.main - INFO - 1 change detected
2025-08-04 15:58:40,198 - watchfiles.main - INFO - 1 change detected
2025-08-04 15:58:44,762 - watchfiles.main - INFO - 1 change detected
2025-08-04 15:58:48,759 - watchfiles.main - INFO - 1 change detected
2025-08-04 15:58:55,923 - watchfiles.main - INFO - 1 change detected
2025-08-04 15:58:57,192 - watchfiles.main - INFO - 1 change detected
INFO:     127.0.0.1:54135 - "GET /health HTTP/1.1" 200 OK
INFO:     127.0.0.1:54144 - "POST /mcp HTTP/1.1" 200 OK
ERROR:tools:Tool execution failed for get_schema: column kcu.referenced_table_name does not exist
INFO:     127.0.0.1:54146 - "POST /mcp HTTP/1.1" 200 OK
INFO:     127.0.0.1:54162 - "POST /mcp HTTP/1.1" 200 OK
ERROR:db:Query execution failed: relation "[customers]" does not exist
INFO:     127.0.0.1:54164 - "POST /mcp HTTP/1.1" 200 OK
2025-08-04 15:59:01,646 - watchfiles.main - INFO - 2 changes detected
2025-08-04 15:59:07,528 - watchfiles.main - INFO - 1 change detected
2025-08-04 15:59:07,885 - watchfiles.main - INFO - 1 change detected
2025-08-04 15:59:13,243 - watchfiles.main - INFO - 1 change detected
2025-08-04 15:59:17,785 - watchfiles.main - INFO - 1 change detected
2025-08-04 15:59:22,322 - watchfiles.main - INFO - 1 change detected
2025-08-04 15:59:22,685 - watchfiles.main - INFO - 1 change detected
2025-08-04 15:59:26,087 - watchfiles.main - INFO - 1 change detected
2025-08-04 15:59:28,231 - watchfiles.main - INFO - 1 change detected
2025-08-04 15:59:28,593 - watchfiles.main - INFO - 1 change detected
2025-08-04 15:59:28,961 - watchfiles.main - INFO - 1 change detected
2025-08-04 15:59:32,526 - watchfiles.main - INFO - 1 change detected
2025-08-04 15:59:33,757 - watchfiles.main - INFO - 1 change detected
2025-08-04 15:59:37,631 - watchfiles.main - INFO - 1 change detected
2025-08-04 15:59:42,951 - watchfiles.main - INFO - 1 change detected
2025-08-04 15:59:44,607 - watchfiles.main - INFO - 1 change detected
2025-08-04 15:59:45,138 - watchfiles.main - INFO - 1 change detected
2025-08-04 15:59:48,608 - watchfiles.main - INFO - 1 change detected
2025-08-04 15:59:53,381 - watchfiles.main - INFO - 1 change detected
2025-08-04 15:59:59,555 - watchfiles.main - INFO - 1 change detected
2025-08-04 16:00:04,035 - watchfiles.main - INFO - 2 changes detected
2025-08-04 16:00:04,936 - watchfiles.main - INFO - 1 change detected
2025-08-04 16:00:08,239 - watchfiles.main - INFO - 1 change detected
2025-08-04 16:00:13,972 - watchfiles.main - INFO - 1 change detected
2025-08-04 16:00:16,389 - watchfiles.main - INFO - 1 change detected
2025-08-04 16:00:16,759 - watchfiles.main - INFO - 1 change detected
2025-08-04 16:00:18,883 - watchfiles.main - INFO - 1 change detected
2025-08-04 16:00:22,154 - watchfiles.main - INFO - 1 change detected
2025-08-04 16:00:26,031 - watchfiles.main - INFO - 1 change detected
2025-08-04 16:00:30,859 - watchfiles.main - INFO - 1 change detected
2025-08-04 16:00:33,041 - watchfiles.main - INFO - 1 change detected
2025-08-04 16:00:33,408 - watchfiles.main - INFO - 1 change detected
2025-08-04 16:00:36,274 - watchfiles.main - INFO - 1 change detected
2025-08-04 16:00:39,037 - watchfiles.main - INFO - 1 change detected
2025-08-04 16:00:39,399 - watchfiles.main - INFO - 1 change detected
2025-08-04 16:00:42,486 - watchfiles.main - INFO - 1 change detected
2025-08-04 16:00:48,140 - watchfiles.main - INFO - 1 change detected
2025-08-04 16:00:50,113 - watchfiles.main - INFO - 1 change detected
2025-08-04 16:00:53,551 - watchfiles.main - INFO - 2 changes detected
2025-08-04 16:00:53,913 - watchfiles.main - INFO - 1 change detected
2025-08-04 16:00:57,229 - watchfiles.main - INFO - 1 change detected
2025-08-04 16:01:02,888 - watchfiles.main - INFO - 1 change detected
2025-08-04 16:01:04,922 - watchfiles.main - INFO - 1 change detected
2025-08-04 16:01:07,967 - watchfiles.main - INFO - 2 changes detected
2025-08-04 16:01:08,332 - watchfiles.main - INFO - 1 change detected
2025-08-04 16:01:11,592 - watchfiles.main - INFO - 1 change detected
2025-08-04 16:01:17,242 - watchfiles.main - INFO - 1 change detected
2025-08-04 16:01:18,730 - watchfiles.main - INFO - 1 change detected
INFO:     127.0.0.1:54266 - "POST /mcp HTTP/1.1" 200 OK
2025-08-04 16:01:22,506 - watchfiles.main - INFO - 1 change detected
2025-08-04 16:01:29,010 - watchfiles.main - INFO - 1 change detected
2025-08-04 16:01:32,569 - watchfiles.main - INFO - 2 changes detected
2025-08-04 16:01:33,304 - watchfiles.main - INFO - 1 change detected
ERROR:tools:Tool execution failed for get_schema: column kcu.referenced_table_name does not exist
INFO:     127.0.0.1:54276 - "POST /mcp HTTP/1.1" 200 OK
2025-08-04 16:01:35,917 - watchfiles.main - INFO - 1 change detected
2025-08-04 16:01:42,289 - watchfiles.main - INFO - 1 change detected
2025-08-04 16:01:43,614 - watchfiles.main - INFO - 1 change detected
2025-08-04 16:01:47,161 - watchfiles.main - INFO - 1 change detected
2025-08-04 16:01:54,628 - watchfiles.main - INFO - 1 change detected
2025-08-04 16:01:58,158 - watchfiles.main - INFO - 1 change detected
INFO:     127.0.0.1:54292 - "POST /mcp HTTP/1.1" 200 OK
2025-08-04 16:02:15,032 - watchfiles.main - INFO - 1 change detected
2025-08-04 16:02:15,397 - watchfiles.main - INFO - 1 change detected
2025-08-04 16:02:17,920 - watchfiles.main - INFO - 1 change detected
2025-08-04 16:02:20,218 - watchfiles.main - INFO - 1 change detected
2025-08-04 16:02:24,109 - watchfiles.main - INFO - 1 change detected
2025-08-04 16:02:29,035 - watchfiles.main - INFO - 1 change detected
2025-08-04 16:02:31,923 - watchfiles.main - INFO - 1 change detected
2025-08-04 16:02:32,287 - watchfiles.main - INFO - 1 change detected
2025-08-04 16:02:35,573 - watchfiles.main - INFO - 1 change detected
2025-08-04 16:02:37,608 - watchfiles.main - INFO - 1 change detected
2025-08-04 16:02:37,971 - watchfiles.main - INFO - 1 change detected
2025-08-04 16:02:40,791 - watchfiles.main - INFO - 1 change detected
2025-08-04 16:02:45,962 - watchfiles.main - INFO - 1 change detected
2025-08-04 16:02:47,903 - watchfiles.main - INFO - 1 change detected
2025-08-04 16:02:51,504 - watchfiles.main - INFO - 1 change detected
2025-08-04 16:02:57,608 - watchfiles.main - INFO - 1 change detected
2025-08-04 16:03:01,261 - watchfiles.main - INFO - 1 change detected
2025-08-04 16:03:19,583 - watchfiles.main - INFO - 1 change detected
2025-08-04 16:03:19,943 - watchfiles.main - INFO - 1 change detected
2025-08-04 16:03:20,310 - watchfiles.main - INFO - 1 change detected
INFO:     127.0.0.1:54324 - "POST /mcp HTTP/1.1" 200 OK
2025-08-04 16:03:23,609 - watchfiles.main - INFO - 1 change detected
2025-08-04 16:03:25,575 - watchfiles.main - INFO - 1 change detected
2025-08-04 16:03:25,938 - watchfiles.main - INFO - 1 change detected
2025-08-04 16:03:28,732 - watchfiles.main - INFO - 1 change detected
2025-08-04 16:03:33,959 - watchfiles.main - INFO - 1 change detected
2025-08-04 16:03:36,025 - watchfiles.main - INFO - 1 change detected
2025-08-04 16:03:39,360 - watchfiles.main - INFO - 2 changes detected
2025-08-04 16:03:43,015 - watchfiles.main - INFO - 1 change detected
2025-08-04 16:03:44,683 - watchfiles.main - INFO - 1 change detected
2025-08-04 16:03:45,047 - watchfiles.main - INFO - 1 change detected
2025-08-04 16:03:49,508 - watchfiles.main - INFO - 1 change detected
2025-08-04 16:03:51,115 - watchfiles.main - INFO - 1 change detected
2025-08-04 16:03:54,055 - watchfiles.main - INFO - 1 change detected
2025-08-04 16:04:00,236 - watchfiles.main - INFO - 1 change detected
2025-08-04 16:04:02,366 - watchfiles.main - INFO - 1 change detected
2025-08-04 16:04:05,938 - watchfiles.main - INFO - 2 changes detected
2025-08-04 16:04:06,675 - watchfiles.main - INFO - 1 change detected
2025-08-04 16:04:11,258 - watchfiles.main - INFO - 1 change detected
2025-08-04 16:04:15,651 - watchfiles.main - INFO - 1 change detected
2025-08-04 16:04:18,004 - watchfiles.main - INFO - 1 change detected
2025-08-04 16:04:21,394 - watchfiles.main - INFO - 1 change detected
2025-08-04 16:04:27,368 - watchfiles.main - INFO - 1 change detected
2025-08-04 16:04:32,549 - watchfiles.main - INFO - 1 change detected
2025-08-04 16:04:36,713 - watchfiles.main - INFO - 1 change detected
INFO:     127.0.0.1:54352 - "POST /mcp HTTP/1.1" 200 OK
ERROR:tools:Tool execution failed for get_schema: column kcu.referenced_table_name does not exist
INFO:     127.0.0.1:54354 - "POST /mcp HTTP/1.1" 200 OK
INFO:     127.0.0.1:54358 - "POST /mcp HTTP/1.1" 200 OK
ERROR:db:Query execution failed: relation "[customers]" does not exist
INFO:     127.0.0.1:54360 - "POST /mcp HTTP/1.1" 200 OK
2025-08-04 16:04:54,741 - watchfiles.main - INFO - 1 change detected
2025-08-04 16:04:59,300 - watchfiles.main - INFO - 1 change detected
2025-08-04 16:05:03,385 - watchfiles.main - INFO - 1 change detected
2025-08-04 16:05:05,034 - watchfiles.main - INFO - 1 change detected
2025-08-04 16:05:05,399 - watchfiles.main - INFO - 1 change detected
2025-08-04 16:05:10,467 - watchfiles.main - INFO - 1 change detected
2025-08-04 16:05:11,474 - watchfiles.main - INFO - 1 change detected
2025-08-04 16:05:14,822 - watchfiles.main - INFO - 1 change detected
2025-08-04 16:05:20,457 - watchfiles.main - INFO - 1 change detected
2025-08-04 16:05:21,615 - watchfiles.main - INFO - 1 change detected
2025-08-04 16:05:25,366 - watchfiles.main - INFO - 1 change detected
2025-08-04 16:05:31,534 - watchfiles.main - INFO - 1 change detected
2025-08-04 16:05:31,891 - watchfiles.main - INFO - 1 change detected
2025-08-04 16:05:35,132 - watchfiles.main - INFO - 1 change detected
2025-08-04 16:05:37,327 - watchfiles.main - INFO - 1 change detected
2025-08-04 16:05:37,692 - watchfiles.main - INFO - 1 change detected
2025-08-04 16:05:40,719 - watchfiles.main - INFO - 1 change detected
2025-08-04 16:05:48,050 - watchfiles.main - INFO - 1 change detected
2025-08-04 16:05:48,415 - watchfiles.main - INFO - 1 change detected
2025-08-04 16:05:52,120 - watchfiles.main - INFO - 1 change detected
2025-08-04 16:05:58,291 - watchfiles.main - INFO - 1 change detected
2025-08-04 16:05:59,033 - watchfiles.main - INFO - 1 change detected
WARNING:  WatchFiles detected changes in 'db.py'. Reloading...
INFO:     Shutting down
INFO:     Waiting for application shutdown.
INFO:db:Database connection pool closed
INFO:server:MCP Database Server stopped
INFO:     Application shutdown complete.
INFO:     Finished server process [26229]
INFO:     Started server process [33053]
INFO:     Waiting for application startup.
2025-08-04 16:06:00,003 - watchfiles.main - INFO - 3 changes detected
INFO:db:Database connection pool initialized
INFO:server:MCP Database Server started
INFO:     Application startup complete.
2025-08-04 16:06:03,007 - watchfiles.main - INFO - 1 change detected
2025-08-04 16:06:03,362 - watchfiles.main - INFO - 1 change detected
2025-08-04 16:06:03,727 - watchfiles.main - INFO - 1 change detected
2025-08-04 16:06:06,441 - watchfiles.main - INFO - 2 changes detected
WARNING:  WatchFiles detected changes in 'db.py'. Reloading...
INFO:     Shutting down
INFO:     Waiting for application shutdown.
INFO:db:Database connection pool closed
INFO:server:MCP Database Server stopped
INFO:     Application shutdown complete.
INFO:     Finished server process [33053]
INFO:     Started server process [33089]
INFO:     Waiting for application startup.
INFO:db:Database connection pool initialized
INFO:server:MCP Database Server started
INFO:     Application startup complete.
2025-08-04 16:06:10,253 - watchfiles.main - INFO - 3 changes detected
2025-08-04 16:06:13,258 - watchfiles.main - INFO - 1 change detected
WARNING:  WatchFiles detected changes in 'db.py'. Reloading...
INFO:     Shutting down
INFO:     Waiting for application shutdown.
INFO:db:Database connection pool closed
INFO:server:MCP Database Server stopped
INFO:     Application shutdown complete.
INFO:     Finished server process [33089]
2025-08-04 16:06:13,781 - watchfiles.main - INFO - 1 change detected
WARNING:  WatchFiles detected changes in 'db.py'. Reloading...
INFO:     Started server process [33117]
INFO:     Waiting for application startup.
INFO:db:Database connection pool initialized
INFO:server:MCP Database Server started
INFO:     Application startup complete.
2025-08-04 16:06:14,427 - watchfiles.main - INFO - 3 changes detected
INFO:     Started server process [33126]
INFO:     Waiting for application startup.
INFO:db:Database connection pool initialized
INFO:server:MCP Database Server started
INFO:     Application startup complete.
2025-08-04 16:06:18,637 - watchfiles.main - INFO - 3 changes detected
2025-08-04 16:06:20,546 - watchfiles.main - INFO - 2 changes detected
WARNING:  WatchFiles detected changes in 'db.py'. Reloading...
INFO:     Shutting down
INFO:     Waiting for application shutdown.
INFO:db:Database connection pool closed
INFO:server:MCP Database Server stopped
INFO:     Application shutdown complete.
INFO:     Finished server process [33126]
INFO:     Started server process [33136]
INFO:     Waiting for application startup.
INFO:db:Database connection pool initialized
INFO:server:MCP Database Server started
INFO:     Application startup complete.
2025-08-04 16:06:23,271 - watchfiles.main - INFO - 1 change detected
INFO:     Shutting down
INFO:     Waiting for application shutdown.
INFO:db:Database connection pool closed
INFO:server:MCP Database Server stopped
INFO:     Application shutdown complete.
INFO:     Finished server process [33136]
INFO:     Stopping reloader process [26227]
